Customer_ID,Customer_Name,Age,Gender,Marital_Status,Occupation,Annual_Income,City,State,Customer_Segment,Risk_Score,Previous_Claims,Previous_Fraud_Count,Customer_Since
C0001,Customer 1,26,Male,Married,Engineer,1239002,Vijayawada,TS,Premium,27,1,1,2018-04-27
C0002,Customer 2,42,Female,Single,Business,758535,Visakhapatnam,AP,Individual,41,0,0,2018-04-15
C0003,Customer 3,59,Male,Married,Teacher,1085242,Visakhapatnam,AP,Individual,98,7,1,2024-03-14
C0004,Customer 4,32,Female,Single,Teacher,1795823,Vijayawada,TS,Individual,54,8,2,2019-02-14
C0005,Customer 5,29,Female,Single,Doctor,1713062,Visakhapatnam,TS,Individual,39,4,2,2023-08-08
C0006,Customer 6,50,Female,Single,Business,709062,Visakhapatnam,TS,Premium,86,2,1,2024-02-26
C0007,Customer 7,62,Female,Single,Business,1592001,Visakhapatnam,AP,Individual,67,6,1,2023-06-29
C0008,Customer 8,64,Male,Married,Engineer,847033,Visakhapatnam,TS,Individual,22,8,0,2018-02-20
C0009,Customer 9,67,Male,Single,Business,1277457,Vijayawada,TS,Premium,35,10,2,2024-10-30
C0010,Customer 10,64,Male,Married,Teacher,1287747,Visakhapatnam,AP,Premium,8,7,1,2024-05-23
C0011,Customer 11,53,Male,Married,Business,1905721,Vijayawada,TS,Premium,1,8,2,2021-09-18
C0012,Customer 12,47,Male,Single,Teacher,1355019,Visakhapatnam,AP,Individual,71,4,0,2018-10-16
C0013,Customer 13,23,Male,Married,Engineer,1781557,Vijayawada,AP,Premium,15,9,0,2021-11-11
C0014,Customer 14,36,Male,Single,Teacher,735226,Visakhapatnam,AP,Premium,83,4,1,2021-08-11
C0015,Customer 15,49,Female,Single,Engineer,854321,Vijayawada,TS,Premium,25,4,0,2020-11-04
C0016,Customer 16,64,Male,Married,Engineer,672643,Hyderabad,TS,Individual,5,2,1,2023-09-05
C0017,Customer 17,61,Female,Single,Business,668075,Visakhapatnam,AP,Premium,87,9,1,2022-10-13
C0018,Customer 18,21,Female,Single,Teacher,299489,Vijayawada,AP,Individual,40,4,2,2019-10-11
C0019,Customer 19,44,Female,Single,Engineer,1375909,Hyderabad,AP,Premium,22,9,2,2018-06-03
C0020,Customer 20,42,Male,Married,Engineer,631513,Visakhapatnam,TS,Individual,64,1,2,2022-05-17
C0021,Customer 21,36,Female,Single,Doctor,1483726,Vijayawada,TS,Individual,21,3,1,2024-04-26
C0022,Customer 22,68,Male,Married,Business,646755,Vijayawada,AP,Premium,71,5,2,2023-12-29
C0023,Customer 23,49,Male,Single,Engineer,377587,Hyderabad,AP,Individual,69,3,1,2021-09-22
C0024,Customer 24,56,Female,Married,Doctor,913629,Hyderabad,TS,Individual,78,7,0,2024-07-03
C0025,Customer 25,53,Male,Married,Engineer,1052699,Hyderabad,TS,Individual,17,5,0,2024-08-03
C0026,Customer 26,68,Female,Single,Teacher,1386917,Hyderabad,TS,Premium,38,9,2,2019-04-14
C0027,Customer 27,47,Female,Single,Engineer,1935955,Vijayawada,AP,Individual,12,6,0,2018-06-13
C0028,Customer 28,30,Male,Married,Teacher,442343,Vijayawada,AP,Individual,21,1,1,2022-03-30
C0029,Customer 29,69,Female,Married,Business,859469,Hyderabad,AP,Premium,6,0,0,2021-04-25
C0030,Customer 30,64,Female,Married,Business,856997,Vijayawada,AP,Individual,41,9,1,2019-04-02
C0031,Customer 31,34,Male,Married,Doctor,743342,Hyderabad,AP,Premium,26,3,1,2018-11-30
C0032,Customer 32,70,Female,Single,Business,389768,Visakhapatnam,TS,Individual,50,4,0,2021-09-02
C0033,Customer 33,29,Female,Married,Teacher,901147,Hyderabad,AP,Individual,29,0,0,2022-07-04
C0034,Customer 34,22,Female,Single,Engineer,245118,Visakhapatnam,AP,Premium,97,5,1,2023-04-05
C0035,Customer 35,27,Male,Married,Engineer,1268016,Visakhapatnam,AP,Individual,100,2,0,2021-08-02
C0036,Customer 36,37,Male,Married,Teacher,633566,Hyderabad,AP,Premium,80,10,2,2020-04-21
C0037,Customer 37,29,Female,Married,Teacher,301835,Visakhapatnam,AP,Premium,100,1,2,2023-01-04
C0038,Customer 38,69,Female,Married,Business,1985290,Visakhapatnam,TS,Individual,51,5,0,2020-11-22
C0039,Customer 39,49,Male,Married,Engineer,330697,Visakhapatnam,TS,Individual,76,2,0,2020-11-27
C0040,Customer 40,35,Female,Married,Teacher,1484390,Hyderabad,AP,Premium,1,2,2,2021-07-23
C0041,Customer 41,50,Female,Single,Teacher,856376,Vijayawada,TS,Individual,92,6,1,2024-04-14
C0042,Customer 42,57,Female,Single,Engineer,350054,Visakhapatnam,TS,Individual,66,3,1,2021-05-08
C0043,Customer 43,62,Female,Married,Teacher,1670696,Visakhapatnam,TS,Individual,16,9,2,2024-05-28
C0044,Customer 44,42,Male,Single,Doctor,1094965,Hyderabad,AP,Premium,88,6,2,2021-11-26
C0045,Customer 45,42,Male,Single,Engineer,1894380,Vijayawada,AP,Premium,95,1,0,2018-12-02
C0046,Customer 46,46,Male,Married,Business,1033072,Hyderabad,TS,Premium,17,9,1,2020-05-18
C0047,Customer 47,25,Female,Married,Engineer,1585189,Vijayawada,TS,Individual,49,8,0,2020-02-17
C0048,Customer 48,51,Female,Single,Engineer,1516018,Visakhapatnam,AP,Premium,27,2,1,2019-08-31
C0049,Customer 49,52,Male,Married,Doctor,1428381,Vijayawada,TS,Individual,70,5,1,2022-09-17
C0050,Customer 50,25,Male,Married,Teacher,795690,Hyderabad,AP,Individual,73,0,2,2021-04-29
C0051,Customer 51,61,Male,Single,Doctor,1400783,Vijayawada,TS,Premium,98,8,1,2018-01-04
C0052,Customer 52,25,Female,Married,Doctor,839210,Visakhapatnam,TS,Premium,94,10,2,2023-07-10
C0053,Customer 53,25,Female,Married,Teacher,1367879,Hyderabad,TS,Individual,60,9,2,2022-08-03
C0054,Customer 54,65,Female,Single,Business,1500304,Visakhapatnam,AP,Premium,68,0,2,2022-05-14
C0055,Customer 55,55,Female,Married,Doctor,1503641,Visakhapatnam,AP,Premium,96,3,2,2021-04-06
C0056,Customer 56,58,Male,Married,Teacher,1529033,Vijayawada,TS,Individual,99,1,2,2018-02-11
C0057,Customer 57,40,Female,Married,Doctor,518913,Vijayawada,TS,Premium,22,7,2,2018-07-05
C0058,Customer 58,35,Male,Married,Engineer,944860,Hyderabad,TS,Individual,22,8,2,2019-10-25
C0059,Customer 59,62,Male,Married,Doctor,1468764,Vijayawada,AP,Individual,31,5,1,2018-10-08
C0060,Customer 60,22,Female,Married,Engineer,553482,Vijayawada,TS,Premium,79,3,1,2024-04-17
C0061,Customer 61,43,Male,Married,Doctor,1480104,Vijayawada,AP,Premium,79,3,2,2018-05-06
C0062,Customer 62,57,Female,Married,Business,1797176,Hyderabad,TS,Individual,10,10,2,2019-11-10
C0063,Customer 63,55,Female,Single,Doctor,1163413,Visakhapatnam,AP,Individual,100,2,2,2022-12-11
C0064,Customer 64,41,Female,Married,Teacher,442927,Visakhapatnam,AP,Premium,9,1,0,2022-06-15
C0065,Customer 65,38,Female,Single,Teacher,294331,Hyderabad,AP,Individual,88,0,1,2023-12-05
C0066,Customer 66,70,Female,Married,Doctor,447604,Visakhapatnam,AP,Individual,29,6,0,2023-07-21
C0067,Customer 67,46,Female,Single,Teacher,694375,Vijayawada,TS,Premium,28,7,2,2020-11-22
C0068,Customer 68,39,Female,Single,Teacher,365365,Hyderabad,AP,Individual,62,5,1,2024-07-04
C0069,Customer 69,36,Male,Married,Teacher,1928522,Visakhapatnam,AP,Individual,2,6,0,2024-02-01
C0070,Customer 70,21,Female,Married,Teacher,366762,Vijayawada,TS,Individual,5,8,0,2023-11-21
C0071,Customer 71,26,Male,Married,Engineer,1107039,Hyderabad,AP,Individual,64,10,0,2021-02-17
C0072,Customer 72,61,Male,Married,Business,891651,Visakhapatnam,TS,Premium,83,10,0,2020-10-02
C0073,Customer 73,21,Male,Married,Business,1469516,Visakhapatnam,AP,Premium,71,6,2,2020-03-27
C0074,Customer 74,63,Female,Single,Doctor,1758777,Visakhapatnam,AP,Premium,23,1,0,2018-08-29
C0075,Customer 75,31,Female,Single,Engineer,1536143,Hyderabad,TS,Premium,13,5,0,2019-06-03
C0076,Customer 76,52,Male,Married,Teacher,1028769,Visakhapatnam,TS,Individual,95,8,1,2019-01-06
C0077,Customer 77,34,Female,Single,Doctor,271708,Vijayawada,AP,Premium,41,2,1,2022-04-07
C0078,Customer 78,69,Male,Married,Engineer,1090933,Hyderabad,AP,Premium,44,8,1,2024-07-20
C0079,Customer 79,48,Male,Single,Business,1298375,Visakhapatnam,AP,Premium,96,2,0,2022-02-25
C0080,Customer 80,42,Female,Single,Business,924312,Hyderabad,AP,Individual,39,10,2,2021-07-08
C0081,Customer 81,44,Female,Married,Doctor,771829,Vijayawada,AP,Individual,20,5,2,2021-08-26
C0082,Customer 82,68,Female,Single,Business,786389,Vijayawada,TS,Premium,95,6,0,2024-06-29
C0083,Customer 83,69,Male,Single,Engineer,1298303,Vijayawada,TS,Individual,90,9,2,2021-10-19
C0084,Customer 84,41,Female,Married,Doctor,1174277,Visakhapatnam,TS,Individual,4,2,1,2020-06-24
C0085,Customer 85,54,Male,Single,Teacher,1807099,Vijayawada,AP,Individual,70,10,1,2019-03-15
C0086,Customer 86,31,Female,Single,Engineer,1993380,Hyderabad,AP,Individual,66,6,0,2024-08-15
C0087,Customer 87,41,Female,Married,Teacher,620238,Visakhapatnam,TS,Individual,55,7,2,2022-02-12
C0088,Customer 88,52,Male,Married,Engineer,1907149,Vijayawada,TS,Individual,2,8,1,2023-10-08
C0089,Customer 89,49,Male,Married,Business,284135,Vijayawada,TS,Individual,25,4,2,2018-01-23
C0090,Customer 90,52,Male,Married,Doctor,1828582,Visakhapatnam,TS,Premium,70,8,1,2024-10-04
C0091,Customer 91,58,Female,Married,Doctor,474608,Visakhapatnam,TS,Individual,71,2,1,2018-02-09
C0092,Customer 92,45,Male,Married,Business,1043346,Vijayawada,AP,Individual,12,0,1,2021-01-06
C0093,Customer 93,47,Female,Married,Business,1811944,Vijayawada,TS,Premium,15,7,1,2019-08-16
C0094,Customer 94,44,Male,Single,Teacher,1907192,Vijayawada,TS,Individual,76,4,1,2020-11-22
C0095,Customer 95,50,Female,Married,Doctor,1109121,Vijayawada,TS,Individual,92,7,1,2022-10-08
C0096,Customer 96,23,Male,Single,Teacher,513740,Hyderabad,AP,Individual,33,2,1,2019-02-10
C0097,Customer 97,43,Male,Single,Engineer,1096922,Visakhapatnam,AP,Individual,69,6,1,2018-07-12
C0098,Customer 98,59,Male,Married,Engineer,756446,Visakhapatnam,TS,Individual,62,0,0,2018-12-24
C0099,Customer 99,42,Male,Married,Doctor,1630172,Visakhapatnam,TS,Premium,15,9,1,2019-03-10
C0100,Customer 100,27,Female,Single,Teacher,1292076,Vijayawada,TS,Premium,64,10,2,2020-05-29
C0101,Customer 101,68,Female,Married,Engineer,217955,Visakhapatnam,TS,Premium,8,8,2,2022-12-09
C0102,Customer 102,37,Male,Single,Doctor,766939,Visakhapatnam,AP,Premium,19,2,1,2020-03-10
C0103,Customer 103,44,Male,Single,Business,766571,Vijayawada,TS,Premium,35,7,0,2023-08-05
C0104,Customer 104,41,Female,Single,Doctor,569431,Visakhapatnam,AP,Premium,69,2,0,2023-08-27
C0105,Customer 105,38,Male,Single,Doctor,1505577,Vijayawada,TS,Premium,16,2,0,2020-11-16
C0106,Customer 106,32,Male,Single,Teacher,1636059,Hyderabad,AP,Individual,65,9,2,2021-06-15
C0107,Customer 107,45,Female,Single,Engineer,1923280,Vijayawada,AP,Individual,96,3,1,2021-10-29
C0108,Customer 108,35,Female,Single,Engineer,891712,Vijayawada,AP,Individual,33,2,2,2024-06-09
C0109,Customer 109,20,Female,Single,Engineer,1720286,Hyderabad,TS,Premium,32,4,2,2018-07-23
C0110,Customer 110,41,Male,Single,Teacher,1037449,Vijayawada,AP,Individual,87,5,1,2018-02-02
C0111,Customer 111,50,Female,Single,Doctor,1885193,Visakhapatnam,AP,Premium,52,1,2,2024-06-19
C0112,Customer 112,57,Female,Married,Business,831442,Hyderabad,TS,Individual,7,9,2,2019-03-27
C0113,Customer 113,29,Male,Single,Business,775655,Visakhapatnam,AP,Premium,69,4,2,2020-12-08
C0114,Customer 114,48,Male,Married,Engineer,1762201,Vijayawada,AP,Premium,70,8,2,2023-09-10
C0115,Customer 115,61,Male,Married,Business,1631122,Hyderabad,AP,Individual,75,2,2,2020-06-04
C0116,Customer 116,48,Female,Married,Doctor,535057,Hyderabad,TS,Premium,52,1,2,2019-08-18
C0117,Customer 117,35,Female,Single,Engineer,1909654,Visakhapatnam,AP,Premium,96,8,0,2023-02-26
C0118,Customer 118,19,Female,Married,Doctor,976248,Vijayawada,TS,Premium,7,1,1,2018-06-03
C0119,Customer 119,59,Male,Single,Engineer,1431848,Hyderabad,TS,Premium,73,10,1,2023-04-26
C0120,Customer 120,70,Male,Single,Engineer,1379347,Vijayawada,AP,Individual,100,0,2,2021-07-08
C0121,Customer 121,45,Female,Married,Engineer,1493842,Vijayawada,TS,Premium,46,4,1,2022-12-12
C0122,Customer 122,69,Male,Single,Engineer,916171,Visakhapatnam,AP,Individual,70,10,2,2023-06-20
C0123,Customer 123,39,Male,Single,Business,638753,Vijayawada,AP,Premium,92,3,0,2020-10-14
C0124,Customer 124,39,Female,Single,Business,1758154,Vijayawada,TS,Premium,84,10,2,2020-03-04
C0125,Customer 125,45,Female,Married,Engineer,1398372,Vijayawada,TS,Individual,20,0,1,2022-08-26
C0126,Customer 126,24,Male,Single,Teacher,1162167,Vijayawada,TS,Individual,20,8,0,2020-11-08
C0127,Customer 127,19,Female,Married,Teacher,1327705,Visakhapatnam,TS,Individual,70,3,1,2019-10-13
C0128,Customer 128,60,Male,Married,Teacher,359503,Visakhapatnam,AP,Individual,49,9,0,2023-10-03
C0129,Customer 129,31,Female,Single,Engineer,1281421,Visakhapatnam,AP,Individual,32,6,1,2019-05-03
C0130,Customer 130,54,Male,Married,Engineer,1374326,Hyderabad,TS,Individual,67,3,0,2018-03-27
C0131,Customer 131,37,Female,Married,Business,549591,Visakhapatnam,AP,Premium,99,8,2,2023-01-12
C0132,Customer 132,50,Female,Single,Business,1664955,Vijayawada,AP,Premium,36,5,0,2020-11-28
C0133,Customer 133,54,Female,Single,Engineer,1733097,Vijayawada,TS,Individual,34,4,1,2021-12-01
C0134,Customer 134,42,Female,Married,Engineer,512543,Hyderabad,TS,Individual,26,1,2,2024-01-11
C0135,Customer 135,57,Male,Married,Teacher,1411340,Hyderabad,TS,Premium,92,3,0,2018-11-13
C0136,Customer 136,27,Male,Single,Business,1002431,Vijayawada,AP,Individual,87,8,2,2018-10-31
C0137,Customer 137,33,Female,Single,Doctor,624488,Visakhapatnam,TS,Premium,96,2,0,2021-05-04
C0138,Customer 138,63,Male,Married,Business,1322738,Vijayawada,AP,Premium,27,7,0,2021-04-04
C0139,Customer 139,69,Male,Married,Business,734556,Visakhapatnam,AP,Individual,41,2,0,2019-02-28
C0140,Customer 140,25,Female,Single,Teacher,1257456,Visakhapatnam,TS,Individual,91,3,1,2023-10-21
C0141,Customer 141,26,Female,Single,Engineer,1895795,Hyderabad,TS,Premium,70,9,0,2021-01-01
C0142,Customer 142,20,Male,Single,Business,773969,Visakhapatnam,TS,Premium,35,7,0,2019-06-15
C0143,Customer 143,29,Male,Married,Engineer,1224365,Hyderabad,TS,Premium,32,1,0,2018-06-24
C0144,Customer 144,45,Female,Single,Teacher,1448471,Visakhapatnam,AP,Premium,67,5,0,2020-08-11
C0145,Customer 145,41,Male,Married,Engineer,1161459,Hyderabad,AP,Individual,37,7,0,2024-07-17
C0146,Customer 146,50,Male,Married,Engineer,1038743,Visakhapatnam,TS,Premium,35,5,1,2018-07-21
C0147,Customer 147,53,Female,Single,Business,838804,Visakhapatnam,TS,Individual,77,9,2,2021-02-11
C0148,Customer 148,22,Female,Married,Business,1290172,Hyderabad,AP,Individual,74,8,0,2019-02-18
C0149,Customer 149,39,Female,Married,Engineer,1536858,Vijayawada,AP,Premium,82,1,2,2023-01-02
C0150,Customer 150,39,Male,Single,Doctor,956759,Hyderabad,AP,Individual,76,1,1,2021-07-23
C0151,Customer 151,50,Female,Married,Doctor,1986500,Vijayawada,TS,Individual,92,1,2,2020-10-07
C0152,Customer 152,70,Female,Married,Doctor,1403285,Visakhapatnam,AP,Individual,91,2,1,2022-08-22
C0153,Customer 153,23,Male,Married,Doctor,692519,Hyderabad,AP,Premium,93,7,0,2023-09-29
C0154,Customer 154,37,Male,Single,Doctor,912329,Vijayawada,AP,Individual,57,5,2,2018-06-02
C0155,Customer 155,19,Female,Married,Teacher,1368115,Hyderabad,TS,Individual,26,3,0,2024-08-03
C0156,Customer 156,26,Male,Married,Business,611674,Hyderabad,TS,Premium,43,9,2,2021-12-23
C0157,Customer 157,32,Male,Single,Business,267663,Hyderabad,TS,Individual,2,3,0,2023-11-18
C0158,Customer 158,70,Male,Single,Teacher,639221,Vijayawada,TS,Individual,63,8,1,2021-08-23
C0159,Customer 159,43,Male,Single,Teacher,593271,Visakhapatnam,TS,Premium,79,7,1,2018-04-05
C0160,Customer 160,49,Male,Single,Business,1935005,Visakhapatnam,TS,Premium,10,10,1,2020-03-10
C0161,Customer 161,62,Female,Married,Business,1466098,Vijayawada,AP,Premium,87,8,1,2024-04-26
C0162,Customer 162,66,Female,Married,Doctor,850627,Hyderabad,AP,Premium,59,5,0,2023-09-12
C0163,Customer 163,46,Male,Married,Doctor,1660190,Visakhapatnam,AP,Premium,56,0,2,2019-04-01
C0164,Customer 164,40,Male,Married,Engineer,842651,Vijayawada,AP,Premium,44,4,2,2018-07-23
C0165,Customer 165,31,Male,Married,Engineer,1608199,Visakhapatnam,AP,Individual,100,4,1,2024-10-24
C0166,Customer 166,39,Male,Single,Teacher,1784457,Visakhapatnam,TS,Premium,38,6,1,2023-11-27
C0167,Customer 167,47,Male,Single,Business,685715,Visakhapatnam,AP,Individual,81,3,0,2022-06-05
C0168,Customer 168,42,Male,Single,Doctor,1759891,Visakhapatnam,TS,Individual,92,10,1,2022-12-25
C0169,Customer 169,49,Male,Single,Engineer,977538,Vijayawada,TS,Premium,41,9,0,2024-07-18
C0170,Customer 170,59,Female,Married,Business,223683,Vijayawada,AP,Premium,15,8,0,2024-10-16
C0171,Customer 171,65,Female,Married,Doctor,1845047,Hyderabad,AP,Individual,77,8,2,2023-09-26
C0172,Customer 172,28,Male,Married,Engineer,343247,Hyderabad,AP,Individual,55,0,0,2018-08-14
C0173,Customer 173,18,Male,Married,Doctor,1846577,Hyderabad,AP,Individual,61,3,1,2021-04-24
C0174,Customer 174,55,Female,Single,Teacher,641972,Vijayawada,AP,Individual,72,7,0,2021-09-19
C0175,Customer 175,38,Female,Single,Engineer,1379745,Hyderabad,AP,Individual,28,3,0,2021-05-30
C0176,Customer 176,69,Male,Single,Doctor,1723530,Hyderabad,AP,Premium,20,3,0,2021-03-18
C0177,Customer 177,40,Male,Single,Business,619911,Hyderabad,AP,Individual,8,3,0,2019-04-20
C0178,Customer 178,23,Male,Married,Doctor,1305635,Vijayawada,AP,Individual,93,4,0,2021-08-27
C0179,Customer 179,40,Female,Married,Business,1623775,Vijayawada,AP,Premium,32,7,1,2020-01-02
C0180,Customer 180,56,Male,Single,Engineer,1820923,Vijayawada,TS,Premium,43,5,1,2023-02-13
C0181,Customer 181,41,Female,Married,Business,1188419,Visakhapatnam,AP,Premium,17,4,0,2021-05-22
C0182,Customer 182,54,Male,Single,Teacher,1159832,Visakhapatnam,AP,Individual,21,1,2,2020-11-05
C0183,Customer 183,33,Female,Married,Teacher,781503,Vijayawada,TS,Individual,55,2,2,2021-12-17
C0184,Customer 184,46,Male,Single,Doctor,345097,Visakhapatnam,AP,Premium,69,0,0,2020-02-25
C0185,Customer 185,59,Female,Married,Doctor,1999346,Visakhapatnam,TS,Premium,84,1,0,2022-03-18
C0186,Customer 186,20,Female,Single,Engineer,717932,Vijayawada,TS,Premium,32,5,0,2020-08-07
C0187,Customer 187,36,Male,Single,Engineer,484067,Hyderabad,TS,Premium,19,2,0,2018-11-05
C0188,Customer 188,37,Female,Married,Business,583528,Visakhapatnam,TS,Individual,56,1,1,2020-04-20
C0189,Customer 189,32,Male,Single,Teacher,244458,Hyderabad,TS,Premium,24,0,1,2018-12-04
C0190,Customer 190,57,Male,Single,Engineer,1125369,Visakhapatnam,AP,Premium,22,9,2,2018-03-15
C0191,Customer 191,31,Female,Married,Engineer,309833,Vijayawada,TS,Premium,18,7,0,2023-09-25
C0192,Customer 192,38,Female,Married,Engineer,1208562,Vijayawada,TS,Individual,34,1,2,2021-08-15
C0193,Customer 193,19,Male,Married,Teacher,856552,Vijayawada,TS,Premium,63,6,0,2021-04-21
C0194,Customer 194,28,Female,Single,Engineer,1104795,Vijayawada,AP,Premium,46,10,2,2024-05-05
C0195,Customer 195,49,Female,Married,Teacher,876675,Hyderabad,TS,Individual,51,5,2,2024-05-11
C0196,Customer 196,62,Male,Married,Business,514676,Vijayawada,AP,Individual,94,10,0,2018-11-20
C0197,Customer 197,65,Male,Single,Business,1395331,Vijayawada,TS,Individual,73,7,1,2018-02-24
C0198,Customer 198,42,Female,Single,Doctor,308176,Visakhapatnam,TS,Premium,57,3,2,2024-02-18
C0199,Customer 199,37,Male,Married,Doctor,609430,Hyderabad,AP,Premium,6,5,2,2021-10-13
C0200,Customer 200,69,Male,Married,Business,217568,Visakhapatnam,AP,Individual,57,10,0,2023-09-19
C0201,Customer 201,31,Female,Married,Engineer,860212,Vijayawada,AP,Individual,43,2,0,2023-12-12
C0202,Customer 202,37,Male,Married,Business,1160463,Visakhapatnam,TS,Individual,67,9,2,2021-06-18
C0203,Customer 203,55,Male,Married,Teacher,1630720,Hyderabad,TS,Individual,55,6,2,2023-10-02
C0204,Customer 204,65,Male,Married,Business,1909039,Visakhapatnam,TS,Premium,27,0,0,2019-03-16
C0205,Customer 205,24,Female,Single,Business,1032912,Hyderabad,TS,Premium,67,9,0,2024-08-01
C0206,Customer 206,30,Female,Married,Business,809705,Vijayawada,AP,Premium,24,0,2,2018-09-06
C0207,Customer 207,69,Male,Single,Business,1982120,Vijayawada,TS,Premium,96,1,1,2018-08-09
C0208,Customer 208,65,Female,Married,Business,1175834,Vijayawada,AP,Individual,52,8,1,2023-05-11
C0209,Customer 209,50,Male,Married,Teacher,933897,Hyderabad,AP,Individual,28,7,2,2019-09-30
C0210,Customer 210,24,Male,Married,Engineer,1151276,Hyderabad,TS,Premium,36,6,0,2022-05-07
C0211,Customer 211,49,Female,Married,Doctor,1549642,Visakhapatnam,TS,Premium,97,4,0,2019-02-15
C0212,Customer 212,49,Male,Married,Teacher,1162045,Hyderabad,AP,Premium,41,7,2,2024-04-08
C0213,Customer 213,58,Female,Married,Business,877971,Vijayawada,TS,Individual,22,3,2,2020-03-30
C0214,Customer 214,56,Male,Single,Doctor,1499505,Hyderabad,TS,Premium,4,5,1,2022-01-20
C0215,Customer 215,56,Female,Single,Doctor,671025,Vijayawada,TS,Premium,86,2,0,2022-05-12
C0216,Customer 216,59,Female,Single,Teacher,338163,Visakhapatnam,TS,Premium,27,4,0,2022-11-13
C0217,Customer 217,18,Female,Single,Business,521370,Hyderabad,AP,Premium,19,6,1,2021-08-26
C0218,Customer 218,52,Female,Single,Teacher,532155,Hyderabad,AP,Individual,16,7,2,2023-11-09
C0219,Customer 219,26,Female,Single,Doctor,1472341,Visakhapatnam,TS,Individual,3,5,0,2020-07-15
C0220,Customer 220,33,Female,Married,Engineer,1566048,Hyderabad,AP,Premium,73,2,0,2022-01-16
C0221,Customer 221,63,Male,Married,Doctor,336003,Vijayawada,TS,Individual,68,7,0,2020-09-13
C0222,Customer 222,31,Male,Married,Engineer,759879,Visakhapatnam,AP,Individual,14,1,1,2021-09-21
C0223,Customer 223,24,Female,Married,Doctor,499299,Vijayawada,TS,Premium,97,6,1,2022-11-22
C0224,Customer 224,41,Male,Single,Engineer,503720,Hyderabad,AP,Individual,31,10,1,2023-02-14
C0225,Customer 225,68,Female,Single,Engineer,561373,Visakhapatnam,AP,Individual,56,4,1,2019-06-28
C0226,Customer 226,33,Female,Married,Doctor,1426763,Visakhapatnam,AP,Premium,17,8,1,2024-07-23
C0227,Customer 227,21,Female,Single,Teacher,1533104,Visakhapatnam,AP,Premium,20,0,1,2019-06-17
C0228,Customer 228,27,Female,Single,Business,1537730,Hyderabad,TS,Individual,97,9,1,2019-01-12
C0229,Customer 229,48,Male,Single,Business,1548818,Visakhapatnam,TS,Individual,67,6,1,2021-07-23
C0230,Customer 230,46,Male,Single,Teacher,1441162,Visakhapatnam,TS,Individual,13,5,0,2020-03-13
C0231,Customer 231,25,Male,Single,Business,691722,Hyderabad,TS,Premium,79,0,2,2022-10-24
C0232,Customer 232,53,Female,Married,Engineer,1605445,Visakhapatnam,AP,Premium,80,7,1,2020-06-15
C0233,Customer 233,35,Female,Married,Business,1319911,Hyderabad,TS,Individual,96,7,1,2021-04-26
C0234,Customer 234,55,Male,Married,Business,1793327,Visakhapatnam,TS,Premium,62,10,0,2021-06-08
C0235,Customer 235,19,Male,Single,Business,1922497,Hyderabad,TS,Premium,40,8,1,2019-07-22
C0236,Customer 236,24,Male,Married,Engineer,1134813,Vijayawada,TS,Premium,17,0,2,2020-04-05
C0237,Customer 237,67,Female,Single,Business,794140,Hyderabad,TS,Individual,73,6,0,2019-02-05
C0238,Customer 238,61,Female,Married,Engineer,1481364,Vijayawada,TS,Individual,25,2,0,2019-04-22
C0239,Customer 239,69,Male,Single,Doctor,1779137,Hyderabad,AP,Individual,30,3,0,2023-08-26
C0240,Customer 240,40,Female,Married,Teacher,799602,Visakhapatnam,AP,Individual,77,4,0,2018-03-31
C0241,Customer 241,45,Female,Married,Business,1115442,Hyderabad,AP,Individual,99,10,0,2022-10-25
C0242,Customer 242,44,Female,Married,Teacher,575177,Hyderabad,AP,Individual,47,1,1,2021-08-11
C0243,Customer 243,70,Male,Single,Doctor,525037,Visakhapatnam,TS,Individual,62,10,2,2018-01-08
C0244,Customer 244,48,Female,Married,Doctor,637353,Hyderabad,TS,Individual,99,6,1,2024-01-02
C0245,Customer 245,19,Male,Single,Business,1553572,Hyderabad,TS,Premium,26,8,1,2019-02-07
C0246,Customer 246,33,Male,Married,Engineer,572834,Vijayawada,TS,Premium,52,8,1,2018-04-08
C0247,Customer 247,58,Female,Single,Business,466765,Hyderabad,TS,Premium,79,6,2,2019-01-26
C0248,Customer 248,30,Female,Married,Business,754444,Visakhapatnam,AP,Premium,20,8,2,2024-01-13
C0249,Customer 249,68,Female,Single,Engineer,1815391,Vijayawada,TS,Premium,97,1,1,2019-07-24
C0250,Customer 250,69,Male,Married,Business,258490,Vijayawada,AP,Premium,63,3,2,2018-04-26
C0251,Customer 251,42,Male,Married,Engineer,723988,Visakhapatnam,AP,Premium,11,4,2,2018-06-12
C0252,Customer 252,40,Male,Single,Engineer,1935962,Hyderabad,TS,Premium,40,1,2,2023-04-12
C0253,Customer 253,57,Female,Married,Teacher,1516275,Vijayawada,AP,Premium,78,3,0,2020-06-10
C0254,Customer 254,37,Female,Married,Doctor,1432726,Hyderabad,TS,Premium,85,3,0,2020-09-16
C0255,Customer 255,28,Male,Married,Business,624832,Hyderabad,AP,Individual,41,6,2,2020-05-14
C0256,Customer 256,28,Male,Married,Teacher,1040372,Hyderabad,TS,Individual,93,10,1,2023-09-27
C0257,Customer 257,68,Female,Married,Engineer,343778,Hyderabad,AP,Individual,68,7,2,2024-03-27
C0258,Customer 258,47,Male,Single,Business,1107436,Visakhapatnam,AP,Individual,2,3,1,2020-05-27
C0259,Customer 259,51,Female,Married,Doctor,932857,Vijayawada,TS,Individual,4,0,2,2022-12-13
C0260,Customer 260,20,Male,Single,Doctor,1148236,Visakhapatnam,TS,Individual,32,10,0,2020-03-01
C0261,Customer 261,19,Male,Single,Engineer,1123221,Visakhapatnam,AP,Individual,61,2,2,2018-02-06
C0262,Customer 262,32,Male,Single,Engineer,487569,Vijayawada,AP,Premium,25,6,0,2024-02-06
C0263,Customer 263,35,Female,Married,Business,1047308,Visakhapatnam,TS,Premium,12,2,1,2024-04-24
C0264,Customer 264,43,Male,Single,Engineer,1284596,Hyderabad,TS,Individual,29,5,1,2018-06-17
C0265,Customer 265,44,Female,Single,Engineer,474955,Visakhapatnam,TS,Premium,70,4,2,2018-07-01
C0266,Customer 266,31,Male,Married,Business,828241,Visakhapatnam,AP,Premium,25,8,2,2023-12-26
C0267,Customer 267,28,Male,Single,Teacher,1207518,Hyderabad,AP,Premium,37,0,0,2019-02-10
C0268,Customer 268,20,Female,Married,Teacher,1917143,Hyderabad,TS,Individual,85,6,0,2018-09-17
C0269,Customer 269,26,Female,Married,Business,1274185,Visakhapatnam,TS,Premium,75,3,1,2020-11-30
C0270,Customer 270,43,Female,Married,Teacher,991102,Visakhapatnam,AP,Individual,88,9,2,2021-11-12
C0271,Customer 271,22,Male,Married,Business,327569,Vijayawada,AP,Individual,59,5,2,2019-01-10
C0272,Customer 272,39,Male,Married,Doctor,472198,Visakhapatnam,AP,Premium,88,4,2,2022-12-19
C0273,Customer 273,64,Male,Married,Business,258093,Visakhapatnam,TS,Individual,37,4,0,2024-05-05
C0274,Customer 274,23,Female,Single,Teacher,815744,Visakhapatnam,AP,Individual,59,5,1,2023-01-29
C0275,Customer 275,69,Female,Single,Business,1379702,Hyderabad,AP,Individual,3,4,0,2021-01-05
C0276,Customer 276,37,Male,Married,Doctor,235733,Vijayawada,TS,Individual,29,5,2,2018-08-26
C0277,Customer 277,19,Female,Single,Business,521051,Hyderabad,AP,Individual,51,0,0,2021-08-04
C0278,Customer 278,18,Female,Single,Engineer,1956420,Vijayawada,AP,Premium,87,8,1,2020-02-13
C0279,Customer 279,20,Female,Married,Business,1272446,Vijayawada,TS,Premium,44,9,0,2018-11-17
C0280,Customer 280,48,Female,Single,Business,536328,Visakhapatnam,AP,Premium,53,7,1,2021-11-23
C0281,Customer 281,63,Female,Married,Business,800530,Hyderabad,TS,Individual,34,0,2,2018-10-24
C0282,Customer 282,34,Female,Single,Doctor,1814818,Visakhapatnam,TS,Premium,3,2,1,2019-03-29
C0283,Customer 283,32,Male,Single,Business,319087,Hyderabad,AP,Individual,60,8,2,2023-04-03
C0284,Customer 284,68,Male,Single,Doctor,307570,Visakhapatnam,TS,Individual,46,9,1,2019-03-29
C0285,Customer 285,39,Female,Married,Business,808256,Hyderabad,AP,Premium,72,5,1,2022-11-02
C0286,Customer 286,63,Female,Married,Teacher,516364,Hyderabad,TS,Premium,49,1,2,2024-08-25
C0287,Customer 287,68,Female,Single,Teacher,1802486,Visakhapatnam,AP,Individual,62,3,1,2023-12-01
C0288,Customer 288,58,Male,Single,Doctor,560093,Visakhapatnam,AP,Premium,55,7,1,2018-05-20
C0289,Customer 289,52,Male,Single,Doctor,721747,Hyderabad,AP,Premium,57,8,2,2021-01-22
C0290,Customer 290,45,Female,Married,Doctor,370140,Visakhapatnam,AP,Individual,72,7,0,2019-01-08
C0291,Customer 291,18,Male,Single,Teacher,784211,Hyderabad,TS,Premium,92,8,2,2021-01-16
C0292,Customer 292,62,Female,Married,Engineer,1684377,Vijayawada,TS,Individual,10,5,0,2024-10-08
C0293,Customer 293,19,Female,Single,Doctor,923526,Visakhapatnam,AP,Premium,41,9,0,2023-12-22
C0294,Customer 294,38,Female,Single,Business,1991596,Visakhapatnam,AP,Premium,52,1,2,2018-03-13
C0295,Customer 295,18,Female,Married,Teacher,1048302,Visakhapatnam,AP,Individual,37,8,2,2022-08-11
C0296,Customer 296,70,Male,Married,Doctor,1422165,Visakhapatnam,TS,Individual,100,6,2,2024-08-27
C0297,Customer 297,44,Male,Married,Teacher,1150504,Vijayawada,AP,Individual,78,9,2,2022-05-29
C0298,Customer 298,34,Female,Married,Engineer,1885647,Visakhapatnam,TS,Individual,82,4,1,2021-01-27
C0299,Customer 299,25,Female,Single,Engineer,1948050,Visakhapatnam,AP,Premium,20,7,0,2020-08-31
C0300,Customer 300,20,Male,Single,Engineer,1908225,Hyderabad,AP,Individual,6,4,1,2019-08-24
C0301,Customer 301,70,Female,Single,Engineer,1967113,Vijayawada,AP,Individual,69,9,1,2019-12-04
C0302,Customer 302,40,Female,Single,Doctor,1311727,Hyderabad,AP,Individual,74,4,0,2023-01-20
C0303,Customer 303,23,Male,Single,Doctor,1350793,Vijayawada,TS,Premium,50,1,2,2020-07-04
C0304,Customer 304,37,Male,Single,Doctor,1687716,Vijayawada,AP,Premium,87,2,1,2019-04-12
C0305,Customer 305,41,Female,Single,Doctor,1501241,Hyderabad,AP,Individual,30,7,1,2019-06-06
C0306,Customer 306,44,Female,Married,Business,434748,Vijayawada,AP,Premium,92,8,1,2020-03-26
C0307,Customer 307,31,Male,Single,Business,927749,Vijayawada,AP,Premium,99,8,0,2022-10-18
C0308,Customer 308,66,Female,Single,Doctor,409618,Hyderabad,AP,Premium,52,2,0,2022-12-06
C0309,Customer 309,70,Male,Single,Teacher,771564,Vijayawada,TS,Premium,96,4,2,2019-09-04
C0310,Customer 310,19,Male,Married,Business,1837451,Visakhapatnam,AP,Premium,3,2,2,2020-04-02
C0311,Customer 311,34,Male,Single,Business,1642905,Vijayawada,TS,Individual,14,0,1,2021-10-20
C0312,Customer 312,54,Female,Married,Doctor,1434247,Visakhapatnam,TS,Premium,97,9,1,2021-12-17
C0313,Customer 313,57,Male,Married,Teacher,1484905,Vijayawada,TS,Premium,92,0,0,2024-09-01
C0314,Customer 314,51,Male,Single,Teacher,1821139,Visakhapatnam,TS,Premium,55,6,2,2018-01-19
C0315,Customer 315,22,Female,Single,Teacher,1966266,Vijayawada,TS,Premium,13,6,2,2019-11-07
C0316,Customer 316,63,Female,Single,Doctor,1369186,Hyderabad,TS,Premium,18,4,2,2023-10-08
C0317,Customer 317,37,Female,Single,Business,899310,Visakhapatnam,TS,Individual,36,0,1,2023-08-20
C0318,Customer 318,54,Female,Married,Doctor,754022,Hyderabad,TS,Premium,43,2,1,2022-05-06
C0319,Customer 319,61,Female,Married,Teacher,1004424,Hyderabad,AP,Individual,41,0,2,2021-06-05
C0320,Customer 320,20,Female,Single,Doctor,471005,Hyderabad,TS,Individual,80,5,2,2022-11-15
C0321,Customer 321,63,Male,Single,Engineer,902379,Hyderabad,TS,Individual,22,4,2,2020-05-07
C0322,Customer 322,68,Female,Married,Teacher,292157,Hyderabad,TS,Premium,70,10,2,2019-04-02
C0323,Customer 323,42,Female,Married,Engineer,680452,Vijayawada,TS,Premium,77,3,2,2023-09-26
C0324,Customer 324,61,Male,Married,Business,1572185,Hyderabad,AP,Premium,10,10,1,2022-06-07
C0325,Customer 325,31,Female,Single,Doctor,268310,Vijayawada,AP,Individual,80,4,1,2022-11-16
C0326,Customer 326,37,Male,Married,Engineer,1200802,Hyderabad,TS,Individual,17,0,2,2022-06-24
C0327,Customer 327,53,Male,Married,Engineer,1723953,Vijayawada,TS,Individual,33,2,2,2020-03-29
C0328,Customer 328,22,Male,Married,Engineer,662031,Vijayawada,AP,Individual,68,6,2,2019-12-21
C0329,Customer 329,21,Female,Married,Teacher,533823,Hyderabad,AP,Premium,70,8,1,2020-10-21
C0330,Customer 330,30,Female,Married,Teacher,1607436,Vijayawada,TS,Individual,92,10,1,2022-01-21
C0331,Customer 331,55,Female,Single,Teacher,1326377,Visakhapatnam,AP,Individual,28,4,0,2021-08-12
C0332,Customer 332,32,Male,Single,Teacher,1013451,Vijayawada,TS,Individual,82,4,1,2018-06-21
C0333,Customer 333,67,Male,Single,Business,1115502,Vijayawada,TS,Premium,100,5,2,2020-03-21
C0334,Customer 334,36,Female,Married,Business,1495569,Hyderabad,TS,Individual,50,0,0,2020-12-01
C0335,Customer 335,22,Female,Single,Business,844900,Hyderabad,TS,Premium,1,10,2,2023-07-23
C0336,Customer 336,68,Female,Married,Business,1781730,Vijayawada,TS,Individual,95,6,1,2021-03-30
C0337,Customer 337,24,Male,Single,Doctor,966193,Visakhapatnam,TS,Premium,16,6,0,2022-11-12
C0338,Customer 338,56,Male,Single,Teacher,1641959,Vijayawada,TS,Individual,88,2,0,2019-01-28
C0339,Customer 339,62,Female,Married,Business,1898245,Hyderabad,TS,Premium,73,2,0,2023-08-25
C0340,Customer 340,30,Male,Single,Engineer,773972,Visakhapatnam,AP,Individual,48,4,0,2018-08-11
C0341,Customer 341,37,Male,Single,Engineer,1705622,Hyderabad,TS,Premium,98,2,0,2020-03-02
C0342,Customer 342,66,Male,Married,Teacher,1838941,Vijayawada,TS,Individual,78,1,1,2020-09-21
C0343,Customer 343,31,Male,Single,Teacher,596960,Visakhapatnam,AP,Premium,9,9,1,2018-11-20
C0344,Customer 344,40,Female,Single,Business,1109210,Visakhapatnam,AP,Individual,71,9,0,2022-11-19
C0345,Customer 345,65,Female,Married,Teacher,1130630,Visakhapatnam,TS,Premium,86,9,0,2018-08-03
C0346,Customer 346,67,Male,Married,Business,538731,Visakhapatnam,TS,Premium,46,2,1,2020-04-03
C0347,Customer 347,52,Female,Married,Teacher,466297,Visakhapatnam,AP,Premium,14,10,0,2020-07-18
C0348,Customer 348,45,Male,Married,Business,1703411,Hyderabad,TS,Individual,82,0,1,2021-05-11
C0349,Customer 349,57,Male,Married,Engineer,1790256,Vijayawada,TS,Premium,32,10,0,2019-11-22
C0350,Customer 350,50,Male,Married,Teacher,1949606,Hyderabad,TS,Premium,48,8,1,2018-04-28
C0351,Customer 351,59,Female,Married,Teacher,1286087,Hyderabad,AP,Individual,83,5,0,2019-07-07
C0352,Customer 352,46,Male,Married,Teacher,501076,Vijayawada,TS,Individual,66,1,0,2022-04-20
C0353,Customer 353,48,Female,Single,Engineer,1311101,Vijayawada,AP,Premium,26,2,0,2020-03-18
C0354,Customer 354,51,Female,Married,Business,1931855,Visakhapatnam,AP,Individual,37,1,2,2018-02-11
C0355,Customer 355,66,Male,Married,Engineer,1864831,Visakhapatnam,AP,Premium,70,1,1,2019-07-29
C0356,Customer 356,70,Male,Single,Doctor,1599713,Visakhapatnam,TS,Premium,96,3,1,2023-03-14
C0357,Customer 357,69,Male,Married,Doctor,220570,Vijayawada,AP,Premium,48,10,0,2019-01-24
C0358,Customer 358,46,Female,Married,Teacher,827425,Visakhapatnam,AP,Premium,43,3,0,2018-07-28
C0359,Customer 359,19,Male,Married,Doctor,1696351,Hyderabad,TS,Premium,9,10,0,2018-02-18
C0360,Customer 360,26,Female,Married,Doctor,1895346,Vijayawada,AP,Premium,15,4,2,2022-09-14
C0361,Customer 361,66,Male,Single,Business,1389131,Vijayawada,AP,Individual,20,7,2,2019-09-03
C0362,Customer 362,40,Male,Single,Teacher,478393,Vijayawada,AP,Premium,25,2,0,2024-10-26
C0363,Customer 363,62,Male,Single,Engineer,1449776,Vijayawada,TS,Premium,1,2,2,2018-02-05
C0364,Customer 364,22,Female,Married,Business,848890,Visakhapatnam,AP,Premium,55,5,1,2021-12-03
C0365,Customer 365,36,Female,Single,Doctor,216733,Vijayawada,AP,Individual,64,0,0,2018-11-21
C0366,Customer 366,56,Female,Single,Teacher,477817,Visakhapatnam,TS,Premium,29,9,2,2021-02-07
C0367,Customer 367,29,Male,Single,Engineer,892853,Vijayawada,AP,Individual,72,3,0,2021-09-07
C0368,Customer 368,68,Female,Single,Business,1398788,Vijayawada,AP,Individual,80,1,1,2020-01-27
C0369,Customer 369,61,Female,Single,Business,1104703,Hyderabad,AP,Individual,86,10,1,2021-09-06
C0370,Customer 370,43,Female,Married,Business,1283443,Visakhapatnam,AP,Individual,53,5,2,2023-07-30
C0371,Customer 371,40,Male,Married,Doctor,218238,Hyderabad,TS,Premium,86,10,0,2020-02-24
C0372,Customer 372,35,Male,Single,Doctor,319429,Visakhapatnam,AP,Premium,82,9,0,2020-01-07
C0373,Customer 373,63,Female,Single,Business,1103796,Hyderabad,AP,Premium,47,8,1,2022-03-18
C0374,Customer 374,23,Female,Single,Teacher,1097555,Vijayawada,AP,Premium,69,8,0,2018-09-11
C0375,Customer 375,63,Male,Single,Engineer,927871,Hyderabad,AP,Premium,72,6,0,2020-08-19
C0376,Customer 376,18,Male,Single,Teacher,1350777,Hyderabad,AP,Individual,70,4,0,2022-01-17
C0377,Customer 377,39,Male,Single,Doctor,1065333,Vijayawada,AP,Individual,87,7,0,2021-07-12
C0378,Customer 378,37,Female,Married,Doctor,1863020,Vijayawada,TS,Premium,87,1,2,2018-02-16
C0379,Customer 379,63,Male,Married,Engineer,637395,Hyderabad,AP,Individual,61,1,0,2021-10-28
C0380,Customer 380,31,Female,Married,Business,1175360,Visakhapatnam,AP,Premium,49,1,2,2018-05-07
C0381,Customer 381,22,Female,Married,Teacher,1710516,Vijayawada,TS,Individual,83,9,2,2022-06-05
C0382,Customer 382,42,Female,Single,Teacher,1235301,Hyderabad,TS,Premium,61,7,1,2019-03-25
C0383,Customer 383,55,Male,Single,Business,1013817,Hyderabad,TS,Individual,94,2,2,2022-05-03
C0384,Customer 384,45,Female,Single,Engineer,1273215,Visakhapatnam,AP,Individual,75,3,2,2024-02-05
C0385,Customer 385,64,Female,Married,Doctor,1197230,Hyderabad,AP,Premium,56,10,2,2024-06-28
C0386,Customer 386,40,Female,Married,Teacher,1809856,Vijayawada,AP,Premium,74,7,1,2022-08-29
C0387,Customer 387,36,Female,Married,Engineer,433135,Vijayawada,TS,Premium,67,3,2,2021-08-04
C0388,Customer 388,33,Male,Single,Doctor,1684978,Hyderabad,TS,Individual,87,6,1,2020-07-12
C0389,Customer 389,26,Male,Single,Teacher,1182984,Visakhapatnam,TS,Individual,38,9,1,2021-01-04
C0390,Customer 390,18,Female,Single,Engineer,1756159,Vijayawada,TS,Premium,89,6,2,2018-09-08
C0391,Customer 391,60,Male,Single,Teacher,1287097,Vijayawada,TS,Individual,8,5,2,2021-07-27
C0392,Customer 392,37,Male,Married,Business,266024,Vijayawada,TS,Individual,34,4,0,2021-03-21
C0393,Customer 393,50,Female,Single,Engineer,469892,Hyderabad,TS,Premium,44,7,0,2021-04-14
C0394,Customer 394,19,Female,Single,Engineer,1081546,Visakhapatnam,TS,Individual,80,8,1,2019-03-12
C0395,Customer 395,25,Male,Married,Engineer,1247082,Hyderabad,TS,Individual,53,7,2,2021-07-31
C0396,Customer 396,30,Male,Single,Business,1187349,Vijayawada,TS,Individual,54,7,2,2023-10-16
C0397,Customer 397,36,Male,Single,Business,522750,Vijayawada,AP,Individual,59,5,0,2024-08-23
C0398,Customer 398,56,Female,Single,Teacher,1463168,Vijayawada,AP,Individual,43,1,0,2021-04-16
C0399,Customer 399,53,Male,Married,Business,1906958,Visakhapatnam,TS,Premium,47,8,2,2023-11-21
C0400,Customer 400,48,Male,Single,Engineer,567315,Vijayawada,AP,Individual,27,2,2,2020-09-25
C0401,Customer 401,47,Male,Single,Business,1262100,Visakhapatnam,TS,Premium,79,10,2,2022-10-04
C0402,Customer 402,52,Female,Married,Doctor,1201348,Hyderabad,AP,Premium,5,4,2,2019-07-30
C0403,Customer 403,46,Male,Single,Business,1127614,Visakhapatnam,AP,Premium,91,3,2,2019-10-02
C0404,Customer 404,36,Female,Married,Teacher,1875043,Visakhapatnam,AP,Premium,86,1,0,2018-01-01
C0405,Customer 405,19,Male,Single,Teacher,1350045,Vijayawada,AP,Individual,56,5,2,2021-02-14
C0406,Customer 406,60,Female,Single,Teacher,1059352,Hyderabad,TS,Individual,55,7,1,2023-08-19
C0407,Customer 407,24,Male,Single,Teacher,1055086,Visakhapatnam,AP,Individual,9,10,0,2023-02-09
C0408,Customer 408,50,Male,Married,Doctor,1581292,Vijayawada,AP,Premium,7,0,1,2019-10-15
C0409,Customer 409,66,Male,Married,Engineer,1971265,Hyderabad,TS,Individual,30,4,2,2024-05-30
C0410,Customer 410,49,Female,Single,Engineer,474533,Vijayawada,AP,Individual,21,10,0,2020-09-24
C0411,Customer 411,55,Female,Single,Engineer,1910649,Hyderabad,TS,Individual,35,1,0,2021-05-15
C0412,Customer 412,32,Female,Married,Teacher,831843,Hyderabad,TS,Individual,39,8,0,2020-05-04
C0413,Customer 413,46,Female,Single,Engineer,1902934,Vijayawada,TS,Individual,38,7,1,2022-02-20
C0414,Customer 414,29,Male,Married,Teacher,1288374,Visakhapatnam,AP,Individual,56,3,2,2022-02-02
C0415,Customer 415,49,Male,Single,Teacher,1940883,Hyderabad,TS,Individual,90,0,0,2022-11-05
C0416,Customer 416,39,Female,Married,Business,1916042,Vijayawada,TS,Premium,6,3,2,2020-11-29
C0417,Customer 417,26,Male,Married,Teacher,887025,Hyderabad,AP,Individual,26,6,0,2021-05-26
C0418,Customer 418,70,Female,Married,Teacher,259387,Visakhapatnam,AP,Premium,40,2,2,2019-04-14
C0419,Customer 419,18,Female,Single,Business,1966817,Vijayawada,TS,Individual,29,9,1,2018-09-10
C0420,Customer 420,23,Male,Single,Teacher,1096818,Hyderabad,TS,Premium,76,5,0,2018-06-02
C0421,Customer 421,53,Female,Married,Doctor,1673827,Vijayawada,TS,Premium,2,1,1,2021-05-20
C0422,Customer 422,35,Male,Married,Doctor,309513,Vijayawada,TS,Premium,95,7,2,2024-04-19
C0423,Customer 423,50,Male,Single,Engineer,1040861,Vijayawada,AP,Premium,26,1,2,2019-11-17
C0424,Customer 424,44,Female,Married,Teacher,394615,Vijayawada,AP,Premium,74,2,1,2022-10-10
C0425,Customer 425,19,Male,Married,Teacher,497871,Vijayawada,AP,Premium,65,7,2,2018-07-03
C0426,Customer 426,42,Male,Married,Business,1171743,Hyderabad,TS,Premium,4,4,2,2018-09-11
C0427,Customer 427,36,Female,Married,Engineer,493819,Visakhapatnam,AP,Individual,41,1,0,2021-05-21
C0428,Customer 428,65,Female,Single,Engineer,1297887,Vijayawada,AP,Premium,47,10,0,2023-03-02
C0429,Customer 429,43,Female,Married,Business,1363303,Hyderabad,AP,Individual,81,1,0,2024-10-29
C0430,Customer 430,56,Female,Married,Teacher,1812316,Hyderabad,AP,Premium,98,0,0,2021-12-29
C0431,Customer 431,58,Female,Married,Doctor,975958,Vijayawada,TS,Premium,61,7,1,2021-08-28
C0432,Customer 432,57,Female,Single,Teacher,1669212,Vijayawada,TS,Premium,55,9,1,2024-10-15
C0433,Customer 433,21,Female,Married,Doctor,1238258,Hyderabad,TS,Individual,83,7,0,2020-08-11
C0434,Customer 434,39,Male,Married,Teacher,1862770,Vijayawada,TS,Premium,35,3,2,2018-02-11
C0435,Customer 435,59,Female,Married,Engineer,1943140,Vijayawada,TS,Premium,59,0,1,2020-11-02
C0436,Customer 436,49,Male,Married,Teacher,631958,Visakhapatnam,TS,Individual,15,5,0,2023-04-06
C0437,Customer 437,58,Female,Single,Business,1965926,Hyderabad,AP,Individual,91,6,1,2020-11-25
C0438,Customer 438,49,Female,Single,Business,368759,Hyderabad,AP,Premium,52,4,0,2021-05-14
C0439,Customer 439,70,Female,Married,Business,880287,Visakhapatnam,TS,Individual,87,5,0,2021-03-28
C0440,Customer 440,31,Male,Married,Engineer,741082,Vijayawada,AP,Premium,59,4,2,2021-02-19
C0441,Customer 441,41,Male,Married,Engineer,419004,Vijayawada,TS,Premium,1,7,2,2020-08-21
C0442,Customer 442,26,Female,Single,Teacher,1217562,Hyderabad,TS,Premium,29,10,2,2020-04-29
C0443,Customer 443,57,Male,Married,Doctor,1607511,Visakhapatnam,TS,Premium,61,5,1,2022-09-29
C0444,Customer 444,22,Male,Married,Engineer,881561,Hyderabad,TS,Premium,43,2,0,2018-10-08
C0445,Customer 445,69,Female,Married,Business,1182686,Vijayawada,TS,Individual,64,9,1,2024-02-15
C0446,Customer 446,59,Male,Single,Business,395391,Visakhapatnam,AP,Premium,13,6,2,2024-03-31
C0447,Customer 447,31,Male,Single,Engineer,1938786,Hyderabad,AP,Premium,16,10,2,2024-04-09
C0448,Customer 448,59,Female,Married,Business,356495,Vijayawada,TS,Premium,96,6,1,2022-06-18
C0449,Customer 449,57,Male,Married,Business,1011816,Hyderabad,TS,Premium,81,2,1,2018-06-28
C0450,Customer 450,24,Male,Single,Engineer,885592,Vijayawada,AP,Individual,54,7,2,2018-03-12
C0451,Customer 451,45,Female,Single,Business,319259,Hyderabad,AP,Individual,65,7,2,2022-05-19
C0452,Customer 452,38,Male,Married,Teacher,1392249,Visakhapatnam,AP,Individual,98,2,2,2020-08-28
C0453,Customer 453,64,Male,Single,Teacher,1226936,Visakhapatnam,TS,Premium,61,10,1,2023-12-16
C0454,Customer 454,18,Female,Single,Business,1938126,Vijayawada,AP,Premium,14,8,0,2022-10-22
C0455,Customer 455,34,Male,Married,Doctor,728313,Hyderabad,AP,Premium,52,7,1,2022-09-24
C0456,Customer 456,61,Female,Married,Business,1325705,Hyderabad,AP,Premium,42,3,0,2018-03-22
C0457,Customer 457,40,Male,Single,Business,457343,Hyderabad,AP,Premium,95,1,0,2021-02-17
C0458,Customer 458,66,Female,Married,Teacher,688735,Hyderabad,TS,Premium,70,8,1,2024-09-04
C0459,Customer 459,36,Male,Single,Doctor,1185956,Hyderabad,AP,Individual,24,4,0,2020-11-17
C0460,Customer 460,28,Female,Married,Teacher,1153313,Vijayawada,AP,Premium,78,5,0,2018-01-12
C0461,Customer 461,68,Male,Married,Teacher,791908,Vijayawada,AP,Premium,44,4,0,2019-08-11
C0462,Customer 462,30,Female,Single,Engineer,321483,Visakhapatnam,AP,Premium,37,3,2,2019-03-26
C0463,Customer 463,65,Male,Single,Teacher,573682,Hyderabad,TS,Individual,22,7,1,2018-08-01
C0464,Customer 464,46,Female,Married,Teacher,1339634,Visakhapatnam,AP,Individual,15,7,1,2020-07-30
C0465,Customer 465,50,Female,Single,Doctor,1935788,Hyderabad,TS,Premium,34,1,0,2018-01-18
C0466,Customer 466,41,Male,Single,Doctor,533592,Hyderabad,AP,Individual,34,3,0,2021-04-08
C0467,Customer 467,48,Female,Married,Engineer,618506,Hyderabad,TS,Individual,48,2,1,2020-03-05
C0468,Customer 468,47,Female,Married,Doctor,1488300,Visakhapatnam,AP,Individual,30,1,0,2018-12-28
C0469,Customer 469,64,Female,Married,Engineer,455950,Visakhapatnam,TS,Individual,72,4,2,2021-06-22
C0470,Customer 470,69,Male,Single,Business,644077,Vijayawada,AP,Individual,11,6,0,2022-04-11
C0471,Customer 471,27,Male,Married,Doctor,1462020,Visakhapatnam,TS,Premium,16,1,2,2022-01-12
C0472,Customer 472,47,Female,Married,Teacher,1429924,Vijayawada,AP,Premium,42,10,0,2024-09-15
C0473,Customer 473,20,Female,Married,Doctor,1894796,Hyderabad,AP,Individual,48,7,2,2021-08-22
C0474,Customer 474,54,Male,Single,Business,481309,Vijayawada,TS,Individual,36,4,2,2019-10-02
C0475,Customer 475,36,Male,Married,Teacher,916492,Vijayawada,AP,Individual,54,3,1,2019-06-29
C0476,Customer 476,50,Male,Married,Engineer,1009317,Hyderabad,TS,Premium,80,8,1,2024-10-02
C0477,Customer 477,27,Male,Single,Teacher,1220097,Vijayawada,TS,Premium,33,8,0,2023-12-05
C0478,Customer 478,66,Female,Single,Business,1752936,Visakhapatnam,TS,Individual,22,9,1,2019-02-11
C0479,Customer 479,44,Male,Married,Business,312551,Vijayawada,AP,Individual,29,5,1,2021-11-07
C0480,Customer 480,40,Female,Single,Business,488100,Hyderabad,TS,Individual,32,3,2,2019-08-28
C0481,Customer 481,54,Female,Single,Engineer,1816792,Hyderabad,TS,Individual,66,5,2,2022-01-20
C0482,Customer 482,40,Female,Single,Doctor,1823914,Vijayawada,AP,Individual,60,2,1,2022-02-19
C0483,Customer 483,23,Female,Married,Business,1831050,Vijayawada,AP,Premium,60,10,0,2020-12-15
C0484,Customer 484,63,Male,Married,Business,695798,Vijayawada,TS,Premium,57,8,0,2019-08-16
C0485,Customer 485,69,Male,Single,Teacher,771780,Vijayawada,AP,Individual,57,5,1,2018-06-09
C0486,Customer 486,62,Male,Married,Doctor,929025,Visakhapatnam,TS,Premium,66,4,1,2018-12-03
C0487,Customer 487,21,Male,Married,Doctor,1900300,Hyderabad,TS,Individual,32,4,0,2022-09-05
C0488,Customer 488,43,Female,Married,Business,1904380,Hyderabad,TS,Individual,90,3,1,2019-05-13
C0489,Customer 489,50,Female,Single,Engineer,371381,Vijayawada,AP,Premium,12,3,0,2022-12-13
C0490,Customer 490,26,Male,Married,Engineer,1864207,Hyderabad,AP,Premium,17,7,1,2023-05-18
C0491,Customer 491,36,Male,Married,Engineer,1452216,Hyderabad,TS,Individual,30,8,2,2024-04-14
C0492,Customer 492,27,Male,Married,Engineer,477866,Vijayawada,TS,Individual,78,7,1,2021-09-04
C0493,Customer 493,31,Female,Married,Engineer,998438,Vijayawada,AP,Individual,39,3,2,2024-06-25
C0494,Customer 494,42,Male,Married,Engineer,1575602,Visakhapatnam,AP,Individual,9,6,2,2023-01-05
C0495,Customer 495,53,Female,Single,Teacher,1235861,Vijayawada,TS,Individual,71,1,0,2021-01-01
C0496,Customer 496,52,Male,Married,Business,502027,Hyderabad,TS,Premium,57,4,2,2023-02-22
C0497,Customer 497,55,Female,Married,Engineer,245837,Hyderabad,AP,Individual,79,10,1,2022-11-10
C0498,Customer 498,53,Male,Single,Engineer,1831105,Hyderabad,TS,Individual,93,3,2,2019-11-02
C0499,Customer 499,53,Male,Single,Engineer,829843,Visakhapatnam,TS,Premium,45,6,1,2020-04-23
C0500,Customer 500,18,Female,Single,Teacher,999250,Hyderabad,AP,Individual,34,5,0,2022-07-25
C0501,Customer 501,60,Male,Single,Business,1587347,Visakhapatnam,AP,Premium,74,6,0,2019-12-02
C0502,Customer 502,55,Male,Single,Engineer,320371,Vijayawada,AP,Premium,79,5,0,2024-08-10
C0503,Customer 503,66,Male,Single,Teacher,1248137,Visakhapatnam,AP,Premium,24,4,1,2021-12-03
C0504,Customer 504,46,Male,Single,Teacher,1565499,Hyderabad,TS,Individual,96,6,2,2021-02-20
C0505,Customer 505,63,Male,Married,Business,1061721,Hyderabad,TS,Premium,6,3,0,2024-01-20
C0506,Customer 506,27,Female,Single,Engineer,1796889,Vijayawada,TS,Premium,77,7,0,2020-04-09
C0507,Customer 507,21,Female,Single,Teacher,1106432,Visakhapatnam,TS,Premium,82,1,1,2021-04-19
C0508,Customer 508,50,Female,Married,Teacher,1979744,Vijayawada,AP,Individual,10,3,0,2020-11-08
C0509,Customer 509,61,Female,Single,Business,1545336,Vijayawada,AP,Premium,45,6,1,2022-09-04
C0510,Customer 510,31,Male,Married,Teacher,516663,Hyderabad,TS,Premium,79,9,1,2022-10-10
C0511,Customer 511,61,Female,Married,Doctor,743807,Hyderabad,TS,Premium,96,5,0,2024-06-26
C0512,Customer 512,67,Male,Single,Teacher,718246,Vijayawada,AP,Premium,97,6,1,2018-02-21
C0513,Customer 513,44,Female,Single,Doctor,345114,Hyderabad,TS,Individual,52,9,2,2024-03-10
C0514,Customer 514,23,Female,Single,Engineer,490783,Vijayawada,AP,Premium,99,8,2,2020-09-30
C0515,Customer 515,47,Female,Single,Teacher,1781547,Hyderabad,TS,Individual,73,7,0,2023-08-10
C0516,Customer 516,42,Male,Single,Engineer,913471,Hyderabad,TS,Premium,96,2,2,2023-07-31
C0517,Customer 517,50,Female,Single,Teacher,603366,Hyderabad,TS,Premium,89,1,0,2018-04-09
C0518,Customer 518,42,Female,Single,Doctor,488958,Hyderabad,TS,Individual,86,4,1,2020-05-16
C0519,Customer 519,50,Male,Single,Teacher,1470615,Vijayawada,TS,Premium,85,6,0,2022-06-08
C0520,Customer 520,23,Male,Married,Teacher,939290,Vijayawada,AP,Individual,89,7,1,2021-12-30
C0521,Customer 521,40,Female,Single,Teacher,706349,Vijayawada,AP,Individual,33,4,2,2023-03-15
C0522,Customer 522,39,Female,Single,Business,1675060,Vijayawada,AP,Individual,55,6,0,2021-03-16
C0523,Customer 523,53,Female,Single,Business,1884287,Visakhapatnam,AP,Individual,83,7,1,2022-01-24
C0524,Customer 524,46,Female,Single,Engineer,1287926,Vijayawada,AP,Individual,7,5,1,2020-09-17
C0525,Customer 525,57,Male,Single,Engineer,1201030,Vijayawada,TS,Premium,32,6,0,2019-03-01
C0526,Customer 526,33,Female,Married,Teacher,252548,Hyderabad,AP,Premium,86,4,1,2021-02-22
C0527,Customer 527,68,Female,Single,Business,491139,Vijayawada,TS,Premium,76,8,1,2018-05-26
C0528,Customer 528,37,Male,Married,Business,1254240,Visakhapatnam,AP,Individual,41,7,0,2018-09-22
C0529,Customer 529,45,Female,Married,Engineer,493630,Visakhapatnam,TS,Premium,44,6,0,2018-08-03
C0530,Customer 530,47,Female,Single,Teacher,1908402,Vijayawada,AP,Premium,70,6,0,2021-07-03
C0531,Customer 531,66,Male,Married,Teacher,1435610,Vijayawada,TS,Individual,95,1,0,2024-04-05
C0532,Customer 532,62,Female,Single,Teacher,293395,Visakhapatnam,TS,Premium,88,9,1,2020-11-19
C0533,Customer 533,54,Female,Married,Doctor,1388743,Hyderabad,AP,Premium,29,7,2,2022-03-02
C0534,Customer 534,60,Female,Single,Engineer,1493844,Vijayawada,TS,Individual,38,7,1,2019-11-02
C0535,Customer 535,23,Male,Single,Doctor,799717,Hyderabad,AP,Individual,19,10,2,2022-11-10
C0536,Customer 536,58,Female,Single,Business,1598692,Hyderabad,AP,Individual,7,0,0,2022-05-04
C0537,Customer 537,68,Female,Married,Teacher,1959294,Hyderabad,AP,Premium,5,3,0,2022-05-29
C0538,Customer 538,25,Female,Married,Teacher,1992272,Vijayawada,AP,Premium,63,10,0,2023-03-31
C0539,Customer 539,33,Female,Single,Business,1978947,Visakhapatnam,TS,Individual,45,8,1,2020-08-07
C0540,Customer 540,43,Female,Married,Doctor,304501,Hyderabad,TS,Premium,76,2,2,2019-08-18
C0541,Customer 541,39,Male,Single,Business,1066804,Vijayawada,AP,Premium,48,5,2,2018-11-25
C0542,Customer 542,68,Female,Single,Engineer,496750,Hyderabad,TS,Premium,43,0,0,2019-06-07
C0543,Customer 543,26,Male,Married,Teacher,1782002,Hyderabad,TS,Individual,53,5,0,2021-06-28
C0544,Customer 544,68,Male,Married,Engineer,1404003,Hyderabad,AP,Individual,96,2,1,2021-04-10
C0545,Customer 545,50,Male,Single,Engineer,1464063,Visakhapatnam,TS,Premium,89,7,2,2022-12-12
C0546,Customer 546,47,Male,Married,Engineer,829228,Hyderabad,AP,Individual,15,3,0,2022-05-29
C0547,Customer 547,66,Female,Single,Teacher,1378891,Visakhapatnam,AP,Premium,89,9,2,2019-09-21
C0548,Customer 548,61,Male,Married,Business,952780,Visakhapatnam,AP,Premium,82,7,0,2020-10-17
C0549,Customer 549,57,Female,Single,Business,343064,Visakhapatnam,TS,Individual,34,8,1,2019-06-16
C0550,Customer 550,52,Male,Married,Engineer,508979,Visakhapatnam,AP,Individual,86,0,2,2024-01-01
C0551,Customer 551,18,Male,Single,Doctor,1200918,Hyderabad,AP,Premium,59,9,2,2018-03-14
C0552,Customer 552,35,Female,Married,Engineer,928043,Hyderabad,AP,Individual,97,9,0,2024-06-21
C0553,Customer 553,43,Male,Single,Teacher,1220355,Hyderabad,TS,Premium,77,1,2,2024-01-23
C0554,Customer 554,61,Male,Married,Engineer,829064,Hyderabad,AP,Premium,69,7,2,2024-07-07
C0555,Customer 555,36,Female,Married,Business,1847943,Visakhapatnam,TS,Individual,39,9,1,2018-11-14
C0556,Customer 556,70,Female,Single,Business,1702923,Hyderabad,TS,Premium,86,4,0,2024-06-24
C0557,Customer 557,36,Female,Single,Teacher,1019058,Visakhapatnam,AP,Premium,87,2,1,2018-06-22
C0558,Customer 558,61,Female,Single,Doctor,369015,Vijayawada,TS,Individual,17,3,1,2021-08-20
C0559,Customer 559,47,Female,Single,Business,275403,Vijayawada,AP,Premium,73,9,2,2020-12-02
C0560,Customer 560,57,Male,Single,Business,315913,Hyderabad,AP,Premium,1,5,2,2022-12-30
C0561,Customer 561,38,Male,Single,Business,1505595,Hyderabad,AP,Premium,43,7,1,2021-01-28
C0562,Customer 562,28,Female,Single,Engineer,1309626,Visakhapatnam,TS,Individual,13,7,0,2023-01-17
C0563,Customer 563,50,Male,Single,Doctor,1294250,Visakhapatnam,TS,Individual,67,1,1,2020-07-25
C0564,Customer 564,25,Male,Married,Doctor,1408381,Visakhapatnam,TS,Individual,43,9,2,2022-04-24
C0565,Customer 565,33,Female,Single,Business,342425,Vijayawada,TS,Premium,95,8,2,2024-03-26
C0566,Customer 566,22,Male,Married,Engineer,1957662,Vijayawada,TS,Individual,12,8,1,2018-11-02
C0567,Customer 567,43,Female,Married,Teacher,1039150,Hyderabad,TS,Premium,87,6,1,2023-01-28
C0568,Customer 568,18,Male,Single,Engineer,1246259,Vijayawada,AP,Individual,99,7,0,2022-07-14
C0569,Customer 569,58,Female,Married,Engineer,1878471,Vijayawada,AP,Individual,63,6,0,2024-09-05
C0570,Customer 570,29,Male,Married,Doctor,366119,Visakhapatnam,AP,Premium,91,2,1,2019-10-14
C0571,Customer 571,37,Male,Married,Doctor,265767,Visakhapatnam,TS,Premium,5,7,0,2019-11-01
C0572,Customer 572,65,Female,Married,Doctor,1908243,Vijayawada,AP,Premium,5,4,0,2021-11-22
C0573,Customer 573,30,Female,Single,Teacher,490005,Hyderabad,AP,Individual,20,4,1,2023-07-13
C0574,Customer 574,55,Female,Single,Business,1411426,Visakhapatnam,TS,Individual,95,8,0,2024-03-03
C0575,Customer 575,67,Male,Married,Business,669233,Visakhapatnam,AP,Premium,53,6,2,2020-06-13
C0576,Customer 576,26,Female,Single,Engineer,1390658,Hyderabad,TS,Individual,46,7,1,2023-11-29
C0577,Customer 577,28,Female,Single,Doctor,347875,Visakhapatnam,TS,Individual,84,9,2,2020-06-18
C0578,Customer 578,34,Male,Single,Engineer,1170570,Vijayawada,AP,Individual,39,0,1,2023-01-04
C0579,Customer 579,49,Male,Single,Business,1896505,Visakhapatnam,TS,Premium,40,4,0,2022-01-05
C0580,Customer 580,60,Female,Single,Business,1905654,Hyderabad,TS,Individual,46,3,2,2018-09-28
C0581,Customer 581,41,Female,Single,Doctor,1287124,Hyderabad,TS,Individual,1,0,2,2020-01-04
C0582,Customer 582,47,Male,Single,Doctor,339270,Visakhapatnam,AP,Premium,24,7,2,2019-01-24
C0583,Customer 583,50,Female,Married,Teacher,985388,Visakhapatnam,AP,Individual,83,2,0,2022-06-11
C0584,Customer 584,28,Male,Single,Doctor,1909195,Hyderabad,AP,Individual,1,9,2,2020-05-31
C0585,Customer 585,18,Female,Single,Business,822929,Hyderabad,TS,Premium,80,6,0,2020-03-06
C0586,Customer 586,39,Male,Married,Business,1714347,Hyderabad,AP,Individual,65,4,1,2020-08-11
C0587,Customer 587,69,Male,Single,Teacher,1459572,Visakhapatnam,AP,Individual,31,8,1,2023-11-03
C0588,Customer 588,51,Male,Single,Business,267515,Hyderabad,AP,Premium,17,10,1,2023-09-01
C0589,Customer 589,32,Male,Single,Doctor,554385,Visakhapatnam,AP,Premium,69,3,1,2021-11-19
C0590,Customer 590,66,Male,Married,Teacher,414715,Visakhapatnam,AP,Premium,40,8,0,2019-05-31
C0591,Customer 591,44,Female,Married,Engineer,1830788,Visakhapatnam,AP,Individual,41,7,0,2020-04-18
C0592,Customer 592,43,Male,Married,Business,1236077,Visakhapatnam,AP,Premium,14,10,2,2020-02-28
C0593,Customer 593,66,Male,Married,Doctor,215776,Hyderabad,TS,Individual,25,8,1,2021-01-27
C0594,Customer 594,58,Male,Married,Teacher,1148403,Hyderabad,TS,Premium,52,0,2,2018-09-05
C0595,Customer 595,36,Female,Single,Teacher,1164018,Visakhapatnam,TS,Premium,5,8,0,2019-04-28
C0596,Customer 596,38,Female,Married,Teacher,1964354,Visakhapatnam,AP,Premium,76,4,2,2024-03-01
C0597,Customer 597,55,Female,Single,Doctor,1090964,Visakhapatnam,TS,Premium,62,3,0,2019-12-26
C0598,Customer 598,51,Female,Married,Engineer,414994,Hyderabad,TS,Premium,97,4,0,2023-07-09
C0599,Customer 599,54,Female,Married,Engineer,1437007,Hyderabad,AP,Premium,50,4,2,2020-12-28
C0600,Customer 600,23,Male,Married,Engineer,1844245,Hyderabad,AP,Premium,24,2,1,2024-04-30
C0601,Customer 601,25,Male,Single,Business,804204,Hyderabad,AP,Individual,78,5,2,2020-02-19
C0602,Customer 602,25,Female,Married,Teacher,855058,Visakhapatnam,AP,Individual,23,5,2,2023-09-04
C0603,Customer 603,30,Male,Married,Engineer,884205,Visakhapatnam,TS,Individual,1,10,2,2023-08-24
C0604,Customer 604,37,Female,Married,Business,333237,Vijayawada,TS,Individual,34,4,2,2022-12-13
C0605,Customer 605,28,Female,Single,Business,1184245,Hyderabad,TS,Individual,72,2,1,2021-06-21
C0606,Customer 606,44,Female,Married,Teacher,948902,Visakhapatnam,AP,Individual,70,10,0,2022-11-01
C0607,Customer 607,31,Female,Single,Teacher,1594003,Visakhapatnam,AP,Premium,7,7,1,2018-08-28
C0608,Customer 608,60,Male,Single,Engineer,1757477,Vijayawada,AP,Individual,86,2,0,2020-02-08
C0609,Customer 609,69,Male,Single,Business,1236238,Visakhapatnam,AP,Individual,67,3,2,2019-03-19
C0610,Customer 610,70,Female,Married,Teacher,267546,Visakhapatnam,TS,Premium,46,0,1,2021-10-30
C0611,Customer 611,42,Female,Married,Business,945062,Visakhapatnam,AP,Premium,8,10,2,2023-11-21
C0612,Customer 612,39,Female,Single,Engineer,1005401,Hyderabad,TS,Individual,50,8,2,2023-03-30
C0613,Customer 613,29,Male,Single,Teacher,1062286,Vijayawada,AP,Individual,6,9,2,2022-06-13
C0614,Customer 614,22,Female,Single,Teacher,1862338,Hyderabad,TS,Premium,27,1,2,2022-05-13
C0615,Customer 615,38,Male,Single,Teacher,934236,Vijayawada,AP,Premium,76,4,1,2021-04-16
C0616,Customer 616,59,Male,Single,Teacher,1579387,Visakhapatnam,AP,Individual,56,3,0,2022-12-04
C0617,Customer 617,24,Male,Married,Teacher,1352033,Vijayawada,TS,Individual,80,9,1,2020-02-26
C0618,Customer 618,69,Female,Married,Engineer,1553051,Hyderabad,AP,Premium,7,8,1,2021-12-27
C0619,Customer 619,53,Male,Single,Business,760312,Hyderabad,TS,Premium,17,4,1,2018-07-15
C0620,Customer 620,26,Female,Single,Engineer,1556467,Hyderabad,TS,Premium,66,1,1,2021-12-28
C0621,Customer 621,53,Male,Married,Business,1704758,Visakhapatnam,TS,Premium,97,7,1,2020-09-18
C0622,Customer 622,31,Male,Single,Engineer,781003,Visakhapatnam,AP,Premium,58,10,0,2020-05-03
C0623,Customer 623,36,Female,Single,Engineer,1924074,Hyderabad,AP,Individual,22,6,0,2020-05-23
C0624,Customer 624,66,Female,Married,Doctor,1822675,Visakhapatnam,AP,Individual,54,5,2,2018-02-16
C0625,Customer 625,67,Male,Single,Doctor,319286,Hyderabad,AP,Individual,55,9,0,2023-10-23
C0626,Customer 626,20,Male,Single,Business,1720329,Visakhapatnam,TS,Individual,47,6,0,2024-04-25
C0627,Customer 627,49,Female,Single,Doctor,249465,Vijayawada,AP,Premium,8,1,1,2021-12-29
C0628,Customer 628,25,Female,Married,Engineer,316674,Visakhapatnam,TS,Premium,45,3,1,2023-07-01
C0629,Customer 629,34,Male,Single,Business,998263,Vijayawada,AP,Premium,59,6,0,2023-02-14
C0630,Customer 630,67,Male,Married,Business,595651,Hyderabad,AP,Individual,81,2,1,2021-12-09
C0631,Customer 631,40,Male,Married,Teacher,870413,Vijayawada,AP,Premium,56,7,1,2021-10-27
C0632,Customer 632,68,Male,Single,Doctor,1092646,Visakhapatnam,AP,Individual,77,5,2,2022-04-27
C0633,Customer 633,66,Male,Single,Teacher,665633,Visakhapatnam,AP,Individual,13,3,2,2020-08-03
C0634,Customer 634,20,Female,Married,Teacher,1714914,Visakhapatnam,AP,Premium,82,9,0,2018-09-06
C0635,Customer 635,57,Male,Single,Engineer,593516,Vijayawada,AP,Premium,74,9,0,2021-07-28
C0636,Customer 636,43,Female,Single,Doctor,847234,Vijayawada,TS,Individual,29,1,2,2022-03-28
C0637,Customer 637,27,Female,Married,Doctor,1452020,Visakhapatnam,TS,Individual,68,0,0,2022-11-14
C0638,Customer 638,39,Female,Single,Doctor,1289473,Vijayawada,TS,Premium,22,2,2,2019-02-15
C0639,Customer 639,60,Male,Single,Doctor,1111448,Vijayawada,TS,Premium,40,7,1,2018-08-20
C0640,Customer 640,47,Female,Single,Engineer,824734,Visakhapatnam,AP,Individual,15,3,1,2023-01-10
C0641,Customer 641,41,Female,Single,Doctor,1912857,Visakhapatnam,AP,Individual,88,7,1,2024-02-21
C0642,Customer 642,32,Female,Single,Engineer,446588,Hyderabad,TS,Premium,88,8,0,2022-07-22
C0643,Customer 643,21,Male,Single,Doctor,223460,Visakhapatnam,TS,Individual,79,3,0,2019-06-19
C0644,Customer 644,53,Female,Single,Teacher,528210,Vijayawada,AP,Premium,4,10,2,2023-07-26
C0645,Customer 645,46,Male,Single,Business,1869789,Hyderabad,TS,Premium,99,0,0,2023-11-20
C0646,Customer 646,20,Male,Single,Doctor,1304816,Hyderabad,TS,Individual,5,9,0,2023-05-14
C0647,Customer 647,27,Female,Single,Engineer,1620823,Vijayawada,AP,Individual,30,5,2,2022-12-09
C0648,Customer 648,69,Female,Single,Engineer,1735726,Vijayawada,AP,Individual,96,8,2,2022-02-23
C0649,Customer 649,56,Female,Single,Engineer,1228666,Visakhapatnam,AP,Premium,74,8,1,2024-03-12
C0650,Customer 650,45,Female,Married,Doctor,1980613,Vijayawada,AP,Individual,13,3,1,2020-04-25
C0651,Customer 651,20,Male,Married,Teacher,1818483,Visakhapatnam,TS,Premium,7,10,0,2022-11-07
C0652,Customer 652,66,Female,Married,Engineer,416871,Vijayawada,AP,Premium,50,7,0,2019-12-19
C0653,Customer 653,44,Female,Single,Engineer,1249142,Visakhapatnam,AP,Individual,86,10,0,2018-11-28
C0654,Customer 654,56,Male,Single,Teacher,1149703,Vijayawada,AP,Premium,35,6,2,2020-08-28
C0655,Customer 655,46,Male,Single,Teacher,635959,Hyderabad,AP,Individual,53,10,1,2022-12-06
C0656,Customer 656,39,Male,Single,Business,394648,Vijayawada,TS,Premium,12,8,2,2023-02-27
C0657,Customer 657,51,Male,Single,Doctor,948248,Vijayawada,AP,Individual,32,6,1,2022-02-20
C0658,Customer 658,61,Female,Married,Engineer,1738543,Visakhapatnam,AP,Individual,100,5,0,2022-11-02
C0659,Customer 659,34,Male,Single,Doctor,397297,Vijayawada,AP,Premium,47,8,0,2021-06-08
C0660,Customer 660,22,Female,Married,Teacher,702238,Visakhapatnam,AP,Individual,26,3,1,2024-09-12
C0661,Customer 661,23,Female,Married,Business,1598821,Visakhapatnam,TS,Premium,57,4,2,2021-12-31
C0662,Customer 662,30,Male,Married,Engineer,1729951,Vijayawada,TS,Premium,92,2,2,2018-05-16
C0663,Customer 663,23,Female,Single,Business,524506,Visakhapatnam,AP,Individual,66,1,2,2022-05-31
C0664,Customer 664,53,Male,Married,Doctor,1658807,Visakhapatnam,TS,Individual,53,9,1,2020-08-14
C0665,Customer 665,67,Female,Single,Doctor,803270,Visakhapatnam,TS,Individual,27,7,0,2021-01-14
C0666,Customer 666,25,Male,Single,Engineer,1243981,Hyderabad,TS,Premium,79,6,0,2018-08-06
C0667,Customer 667,44,Male,Single,Doctor,1152686,Hyderabad,AP,Individual,27,10,2,2019-10-23
C0668,Customer 668,31,Male,Single,Business,1517949,Hyderabad,TS,Premium,47,5,0,2021-08-12
C0669,Customer 669,38,Female,Single,Doctor,1150564,Hyderabad,AP,Individual,93,0,1,2019-03-01
C0670,Customer 670,30,Female,Married,Engineer,750177,Visakhapatnam,TS,Individual,97,7,0,2018-06-28
C0671,Customer 671,53,Male,Married,Business,333194,Vijayawada,TS,Premium,8,9,2,2021-01-07
C0672,Customer 672,26,Male,Single,Teacher,1136351,Hyderabad,TS,Individual,71,0,2,2019-11-21
C0673,Customer 673,63,Female,Single,Engineer,1987121,Visakhapatnam,AP,Individual,29,0,2,2018-05-09
C0674,Customer 674,50,Male,Married,Engineer,1221647,Vijayawada,TS,Individual,93,10,0,2020-09-27
C0675,Customer 675,23,Male,Single,Doctor,394136,Hyderabad,AP,Individual,96,1,1,2020-11-22
C0676,Customer 676,41,Male,Single,Teacher,1426279,Hyderabad,TS,Individual,48,8,2,2019-12-13
C0677,Customer 677,67,Male,Single,Doctor,213736,Visakhapatnam,TS,Premium,25,9,0,2021-12-15
C0678,Customer 678,63,Female,Married,Teacher,1752841,Visakhapatnam,TS,Premium,63,8,1,2023-08-27
C0679,Customer 679,59,Female,Single,Engineer,336401,Hyderabad,TS,Premium,83,6,1,2021-09-06
C0680,Customer 680,54,Male,Single,Business,1257064,Vijayawada,AP,Premium,96,6,1,2021-07-01
C0681,Customer 681,29,Male,Single,Engineer,1118055,Hyderabad,TS,Premium,36,1,1,2022-04-14
C0682,Customer 682,25,Male,Married,Engineer,1244905,Vijayawada,AP,Premium,13,1,2,2020-09-25
C0683,Customer 683,49,Male,Married,Doctor,293088,Hyderabad,AP,Individual,55,10,1,2021-06-02
C0684,Customer 684,53,Male,Married,Teacher,1637985,Visakhapatnam,AP,Individual,100,0,0,2022-01-04
C0685,Customer 685,45,Female,Single,Teacher,639331,Vijayawada,AP,Individual,31,7,0,2024-11-05
C0686,Customer 686,67,Female,Married,Teacher,1619531,Vijayawada,TS,Individual,25,2,1,2018-05-12
C0687,Customer 687,27,Male,Single,Business,309281,Vijayawada,TS,Individual,55,3,0,2024-02-10
C0688,Customer 688,40,Male,Single,Doctor,979063,Vijayawada,AP,Premium,88,2,2,2024-09-27
C0689,Customer 689,48,Male,Married,Business,1485941,Hyderabad,AP,Individual,99,0,0,2018-04-29
C0690,Customer 690,67,Male,Married,Teacher,1144769,Hyderabad,AP,Individual,39,3,2,2020-01-03
C0691,Customer 691,30,Male,Married,Teacher,1726895,Hyderabad,AP,Premium,21,8,2,2023-03-19
C0692,Customer 692,60,Female,Single,Business,342132,Hyderabad,TS,Premium,74,5,1,2022-08-13
C0693,Customer 693,27,Male,Single,Business,1579008,Vijayawada,AP,Individual,50,0,2,2022-12-24
C0694,Customer 694,18,Male,Married,Doctor,837335,Hyderabad,TS,Premium,8,9,0,2018-01-04
C0695,Customer 695,49,Female,Single,Teacher,444322,Visakhapatnam,TS,Individual,75,4,0,2018-04-03
C0696,Customer 696,33,Female,Married,Doctor,1719979,Hyderabad,AP,Premium,28,7,2,2018-07-22
C0697,Customer 697,26,Female,Single,Engineer,1031000,Hyderabad,AP,Premium,77,7,0,2019-04-02
C0698,Customer 698,62,Female,Married,Teacher,326230,Hyderabad,TS,Individual,24,5,1,2023-12-31
C0699,Customer 699,28,Female,Married,Doctor,1643851,Vijayawada,TS,Individual,85,4,2,2018-04-30
C0700,Customer 700,29,Male,Single,Business,361789,Hyderabad,TS,Individual,33,10,0,2019-12-12
C0701,Customer 701,66,Female,Single,Business,408875,Vijayawada,AP,Premium,75,6,0,2023-11-24
C0702,Customer 702,56,Male,Married,Business,737657,Vijayawada,TS,Premium,49,6,0,2022-03-21
C0703,Customer 703,39,Male,Single,Teacher,1912533,Vijayawada,TS,Individual,11,6,2,2023-09-09
C0704,Customer 704,56,Female,Single,Engineer,1257010,Visakhapatnam,AP,Premium,96,8,0,2023-01-28
C0705,Customer 705,37,Female,Single,Teacher,1095579,Vijayawada,TS,Premium,83,6,2,2018-05-07
C0706,Customer 706,54,Male,Single,Business,1344579,Hyderabad,TS,Individual,64,2,1,2024-02-25
C0707,Customer 707,58,Male,Single,Business,240553,Vijayawada,AP,Individual,35,7,2,2019-10-06
C0708,Customer 708,44,Female,Married,Doctor,878977,Vijayawada,AP,Individual,80,9,2,2019-03-22
C0709,Customer 709,56,Male,Married,Engineer,624445,Hyderabad,AP,Premium,95,10,2,2019-04-17
C0710,Customer 710,52,Male,Single,Business,1084538,Visakhapatnam,AP,Individual,43,0,1,2019-11-29
C0711,Customer 711,27,Female,Single,Engineer,1696381,Visakhapatnam,TS,Individual,42,9,0,2020-09-24
C0712,Customer 712,48,Female,Married,Business,669338,Hyderabad,AP,Individual,59,2,1,2019-11-20
C0713,Customer 713,19,Male,Single,Engineer,1965768,Visakhapatnam,AP,Premium,97,7,2,2018-04-10
C0714,Customer 714,49,Female,Married,Doctor,1732177,Vijayawada,TS,Individual,12,4,2,2022-03-26
C0715,Customer 715,45,Male,Single,Teacher,344734,Visakhapatnam,TS,Individual,13,5,1,2019-07-15
C0716,Customer 716,32,Female,Married,Teacher,1756875,Hyderabad,AP,Individual,39,3,2,2018-09-26
C0717,Customer 717,20,Female,Married,Teacher,965478,Visakhapatnam,AP,Premium,60,5,2,2021-04-13
C0718,Customer 718,39,Male,Single,Teacher,547047,Hyderabad,AP,Individual,27,10,2,2022-11-05
C0719,Customer 719,37,Male,Single,Business,1303314,Visakhapatnam,AP,Individual,9,3,0,2021-07-06
C0720,Customer 720,31,Female,Single,Doctor,928267,Vijayawada,TS,Individual,59,3,2,2019-03-26
C0721,Customer 721,47,Male,Married,Business,635080,Vijayawada,TS,Individual,64,7,1,2018-01-18
C0722,Customer 722,47,Female,Married,Doctor,314779,Vijayawada,TS,Premium,63,10,1,2018-09-04
C0723,Customer 723,50,Female,Single,Engineer,1548554,Vijayawada,AP,Premium,28,4,0,2024-01-28
C0724,Customer 724,37,Female,Single,Teacher,1384635,Visakhapatnam,TS,Individual,38,10,2,2020-12-23
C0725,Customer 725,69,Female,Single,Business,297681,Visakhapatnam,AP,Individual,90,7,0,2022-06-05
C0726,Customer 726,38,Female,Married,Doctor,1688999,Vijayawada,AP,Premium,52,7,2,2020-07-13
C0727,Customer 727,33,Female,Married,Engineer,1700408,Vijayawada,AP,Individual,89,3,1,2020-03-18
C0728,Customer 728,24,Male,Married,Teacher,313980,Visakhapatnam,AP,Premium,6,10,2,2020-11-12
C0729,Customer 729,31,Male,Married,Engineer,1403330,Hyderabad,TS,Individual,19,0,2,2018-08-31
C0730,Customer 730,55,Male,Single,Doctor,493782,Hyderabad,TS,Individual,1,9,1,2023-09-04
C0731,Customer 731,59,Male,Single,Engineer,1815923,Visakhapatnam,TS,Premium,10,2,1,2023-10-27
C0732,Customer 732,70,Male,Married,Doctor,1422861,Visakhapatnam,AP,Individual,41,1,2,2024-06-10
C0733,Customer 733,36,Female,Single,Engineer,225796,Vijayawada,AP,Individual,98,3,2,2020-03-24
C0734,Customer 734,49,Female,Married,Business,1718880,Hyderabad,TS,Individual,60,4,1,2018-09-02
C0735,Customer 735,19,Female,Married,Engineer,716961,Visakhapatnam,AP,Individual,51,1,0,2018-08-05
C0736,Customer 736,37,Female,Single,Engineer,778059,Vijayawada,AP,Individual,69,9,0,2023-05-10
C0737,Customer 737,21,Female,Married,Engineer,225629,Vijayawada,TS,Premium,63,0,2,2022-12-13
C0738,Customer 738,38,Female,Single,Teacher,789007,Vijayawada,AP,Individual,19,9,2,2021-08-01
C0739,Customer 739,43,Female,Married,Doctor,1881438,Vijayawada,AP,Individual,54,3,0,2018-11-29
C0740,Customer 740,28,Male,Single,Engineer,1152509,Visakhapatnam,AP,Individual,46,8,2,2019-12-11
C0741,Customer 741,29,Female,Single,Business,427748,Hyderabad,TS,Premium,52,2,2,2022-01-30
C0742,Customer 742,26,Male,Married,Doctor,595953,Visakhapatnam,AP,Premium,57,3,2,2023-02-03
C0743,Customer 743,27,Female,Single,Teacher,611897,Visakhapatnam,TS,Individual,6,6,2,2021-11-12
C0744,Customer 744,48,Female,Single,Teacher,1837329,Visakhapatnam,AP,Individual,20,7,2,2020-06-02
C0745,Customer 745,49,Female,Married,Engineer,1260745,Hyderabad,AP,Premium,22,3,2,2022-10-18
C0746,Customer 746,37,Female,Married,Teacher,990838,Vijayawada,AP,Individual,96,3,1,2022-07-20
C0747,Customer 747,38,Female,Married,Business,1686301,Vijayawada,AP,Individual,90,6,1,2022-02-07
C0748,Customer 748,55,Female,Married,Engineer,971609,Hyderabad,TS,Individual,28,9,1,2020-01-03
C0749,Customer 749,53,Female,Married,Teacher,1087192,Vijayawada,TS,Individual,22,2,2,2022-01-10
C0750,Customer 750,68,Female,Married,Teacher,457001,Vijayawada,AP,Premium,29,7,1,2022-09-18
C0751,Customer 751,35,Male,Single,Business,434234,Visakhapatnam,AP,Individual,69,9,0,2020-09-08
C0752,Customer 752,20,Female,Married,Teacher,599799,Hyderabad,AP,Premium,81,4,2,2019-01-23
C0753,Customer 753,26,Female,Married,Business,1979579,Vijayawada,AP,Premium,11,7,0,2019-10-15
C0754,Customer 754,54,Male,Married,Business,801225,Visakhapatnam,TS,Individual,71,10,1,2019-10-23
C0755,Customer 755,29,Male,Married,Doctor,1033015,Vijayawada,AP,Individual,53,2,2,2024-02-02
C0756,Customer 756,39,Male,Single,Teacher,803302,Visakhapatnam,AP,Individual,89,3,0,2021-06-02
C0757,Customer 757,66,Male,Single,Business,1029647,Visakhapatnam,AP,Individual,78,0,0,2023-03-22
C0758,Customer 758,43,Female,Single,Teacher,1187035,Hyderabad,AP,Premium,68,6,1,2024-07-01
C0759,Customer 759,54,Female,Single,Teacher,267822,Hyderabad,AP,Individual,67,4,2,2024-02-26
C0760,Customer 760,29,Male,Married,Business,1344479,Visakhapatnam,AP,Individual,42,10,2,2020-01-26
C0761,Customer 761,63,Male,Single,Business,1590955,Visakhapatnam,AP,Individual,27,0,2,2021-10-02
C0762,Customer 762,69,Male,Married,Business,1705934,Vijayawada,AP,Individual,6,1,0,2021-03-18
C0763,Customer 763,49,Male,Single,Doctor,1899794,Visakhapatnam,TS,Premium,31,3,1,2020-02-18
C0764,Customer 764,28,Female,Married,Doctor,959924,Hyderabad,AP,Individual,23,6,2,2023-02-19
C0765,Customer 765,31,Male,Married,Business,992642,Vijayawada,TS,Premium,77,9,0,2020-10-30
C0766,Customer 766,65,Male,Single,Business,1053289,Vijayawada,TS,Individual,39,10,0,2019-01-03
C0767,Customer 767,37,Male,Married,Engineer,1924625,Vijayawada,AP,Premium,26,8,2,2023-05-04
C0768,Customer 768,68,Female,Single,Teacher,668401,Visakhapatnam,AP,Premium,31,10,1,2021-09-18
C0769,Customer 769,20,Female,Married,Engineer,1524692,Vijayawada,AP,Premium,3,1,0,2020-10-13
C0770,Customer 770,19,Female,Married,Teacher,1830734,Hyderabad,AP,Individual,98,6,2,2024-06-16
C0771,Customer 771,62,Female,Married,Engineer,1712945,Hyderabad,AP,Individual,17,9,1,2021-11-21
C0772,Customer 772,63,Female,Married,Doctor,1065033,Vijayawada,AP,Individual,59,3,2,2021-02-06
C0773,Customer 773,58,Male,Married,Teacher,953272,Visakhapatnam,TS,Premium,90,3,2,2021-12-08
C0774,Customer 774,38,Female,Married,Engineer,990649,Hyderabad,TS,Individual,28,5,1,2022-12-05
C0775,Customer 775,18,Male,Married,Teacher,1271050,Vijayawada,AP,Premium,71,9,0,2021-08-14
C0776,Customer 776,38,Female,Married,Teacher,1912163,Vijayawada,AP,Individual,49,9,1,2024-01-04
C0777,Customer 777,65,Male,Married,Business,1260373,Visakhapatnam,TS,Individual,20,7,1,2018-03-20
C0778,Customer 778,20,Female,Married,Engineer,629794,Visakhapatnam,TS,Premium,56,7,1,2022-10-07
C0779,Customer 779,22,Female,Single,Teacher,589771,Hyderabad,TS,Premium,29,2,1,2024-07-18
C0780,Customer 780,40,Female,Single,Teacher,1874748,Hyderabad,TS,Individual,84,1,0,2020-04-09
C0781,Customer 781,54,Female,Married,Engineer,874171,Hyderabad,AP,Premium,11,5,0,2023-05-11
C0782,Customer 782,33,Female,Single,Doctor,550782,Vijayawada,AP,Individual,14,4,2,2021-06-04
C0783,Customer 783,68,Male,Married,Teacher,1170545,Visakhapatnam,AP,Individual,54,1,1,2023-03-22
C0784,Customer 784,46,Female,Single,Business,779220,Vijayawada,AP,Premium,85,6,0,2019-03-04
C0785,Customer 785,41,Female,Married,Business,1199561,Vijayawada,AP,Individual,19,3,0,2018-02-26
C0786,Customer 786,54,Male,Married,Doctor,728049,Vijayawada,AP,Individual,100,9,2,2019-08-01
C0787,Customer 787,69,Female,Single,Engineer,1393972,Vijayawada,TS,Premium,75,8,1,2019-09-28
C0788,Customer 788,51,Female,Single,Doctor,635137,Visakhapatnam,TS,Individual,70,2,1,2021-02-28
C0789,Customer 789,20,Male,Single,Business,1970665,Vijayawada,AP,Premium,75,10,1,2023-08-28
C0790,Customer 790,36,Female,Married,Doctor,731190,Vijayawada,AP,Individual,20,5,0,2022-01-14
C0791,Customer 791,21,Male,Married,Doctor,652772,Hyderabad,TS,Individual,37,5,0,2020-07-10
C0792,Customer 792,31,Female,Married,Doctor,1186637,Vijayawada,TS,Premium,100,4,0,2023-03-26
C0793,Customer 793,46,Female,Married,Teacher,1449884,Vijayawada,TS,Individual,23,10,2,2023-02-16
C0794,Customer 794,53,Female,Single,Teacher,1767328,Hyderabad,TS,Individual,84,7,0,2021-08-25
C0795,Customer 795,58,Male,Single,Doctor,679440,Visakhapatnam,AP,Premium,17,3,1,2020-08-18
C0796,Customer 796,35,Male,Married,Engineer,230244,Vijayawada,TS,Premium,15,7,2,2022-08-15
C0797,Customer 797,35,Male,Single,Doctor,1223329,Vijayawada,TS,Individual,55,6,0,2024-05-10
C0798,Customer 798,66,Female,Single,Business,791218,Vijayawada,TS,Individual,43,6,1,2019-11-29
C0799,Customer 799,46,Female,Married,Teacher,664235,Visakhapatnam,AP,Premium,86,0,0,2019-07-23
C0800,Customer 800,30,Male,Single,Business,1788806,Hyderabad,AP,Premium,61,7,0,2018-03-06
