Policy_ID,Customer_ID,Policy_Number,Policy_Type,Policy_Start_Date,Policy_End_Date,Premium_Amount,Coverage_Amount,Deductible,Policy_Status,Payment_Mode,Premium_Status,Agent_ID
P0001,C0447,PN000001,Property,2024-01-01,2025-01-01,23618,821085,4105,Active,Annual,Paid,A085
P0002,C0431,PN000002,Health,2024-01-01,2025-01-01,26412,363286,7186,Active,Annual,Paid,A006
P0003,C0509,PN000003,Health,2024-01-01,2025-01-01,26295,961552,3319,Active,Annual,Paid,A038
P0004,C0055,PN000004,Health,2024-01-01,2025-01-01,16968,960655,9048,Active,Annual,Paid,A011
P0005,C0347,PN000005,Health,2024-01-01,2025-01-01,34137,227146,8973,Active,Annual,Paid,A055
P0006,C0261,PN000006,Property,2024-01-01,2025-01-01,15978,550643,4655,Active,Annual,Paid,A026
P0007,C0757,PN000007,Property,2024-01-01,2025-01-01,11448,833089,8701,Active,Annual,Paid,A047
P0008,C0628,PN000008,Life,2024-01-01,2025-01-01,47865,855309,4759,Active,Annual,Paid,A052
P0009,C0057,PN000009,Life,2024-01-01,2025-01-01,8756,700372,4492,Active,Annual,Paid,A010
P0010,C0444,PN000010,Vehicle,2024-01-01,2025-01-01,7414,168948,6041,Active,Annual,Paid,A028
P0011,C0658,PN000011,Health,2024-01-01,2025-01-01,45801,103219,9690,Active,Annual,Paid,A097
P0012,C0684,PN000012,Vehicle,2024-01-01,2025-01-01,34505,265141,1808,Active,Annual,Paid,A004
P0013,C0655,PN000013,Vehicle,2024-01-01,2025-01-01,19663,306632,9966,Active,Annual,Paid,A006
P0014,C0032,PN000014,Vehicle,2024-01-01,2025-01-01,32815,339831,3380,Active,Annual,Paid,A058
P0015,C0376,PN000015,Life,2024-01-01,2025-01-01,33525,136685,6872,Active,Annual,Paid,A008
P0016,C0765,PN000016,Vehicle,2024-01-01,2025-01-01,36421,699029,7593,Active,Annual,Paid,A002
P0017,C0221,PN000017,Property,2024-01-01,2025-01-01,23396,277592,7043,Active,Annual,Paid,A089
P0018,C0667,PN000018,Health,2024-01-01,2025-01-01,5442,929668,9588,Active,Annual,Paid,A038
P0019,C0557,PN000019,Property,2024-01-01,2025-01-01,43962,694443,2822,Active,Annual,Paid,A052
P0020,C0134,PN000020,Vehicle,2024-01-01,2025-01-01,23232,766595,6903,Active,Annual,Paid,A093
P0021,C0047,PN000021,Life,2024-01-01,2025-01-01,17706,503007,2220,Active,Annual,Paid,A100
P0022,C0471,PN000022,Vehicle,2024-01-01,2025-01-01,49766,153023,3548,Active,Annual,Paid,A007
P0023,C0144,PN000023,Vehicle,2024-01-01,2025-01-01,14790,280354,3296,Active,Annual,Paid,A059
P0024,C0322,PN000024,Vehicle,2024-01-01,2025-01-01,44881,230483,6934,Active,Annual,Paid,A074
P0025,C0259,PN000025,Health,2024-01-01,2025-01-01,16520,225497,1888,Active,Annual,Paid,A015
P0026,C0635,PN000026,Vehicle,2024-01-01,2025-01-01,8076,414604,3311,Active,Annual,Paid,A098
P0027,C0560,PN000027,Vehicle,2024-01-01,2025-01-01,35008,133232,8064,Active,Annual,Paid,A001
P0028,C0014,PN000028,Vehicle,2024-01-01,2025-01-01,10226,141506,1737,Active,Annual,Paid,A016
P0029,C0345,PN000029,Property,2024-01-01,2025-01-01,22728,880395,8900,Active,Annual,Paid,A062
P0030,C0569,PN000030,Vehicle,2024-01-01,2025-01-01,19630,425858,7782,Active,Annual,Paid,A013
P0031,C0492,PN000031,Life,2024-01-01,2025-01-01,42836,849792,8888,Active,Annual,Paid,A003
P0032,C0449,PN000032,Property,2024-01-01,2025-01-01,14686,286154,3870,Active,Annual,Paid,A026
P0033,C0068,PN000033,Vehicle,2024-01-01,2025-01-01,37712,827699,1066,Active,Annual,Paid,A041
P0034,C0101,PN000034,Health,2024-01-01,2025-01-01,38766,432091,5093,Active,Annual,Paid,A044
P0035,C0133,PN000035,Life,2024-01-01,2025-01-01,18778,866045,6482,Active,Annual,Paid,A026
P0036,C0164,PN000036,Property,2024-01-01,2025-01-01,33938,828593,3773,Active,Annual,Paid,A098
P0037,C0403,PN000037,Life,2024-01-01,2025-01-01,24939,377746,4194,Active,Annual,Paid,A047
P0038,C0363,PN000038,Life,2024-01-01,2025-01-01,45196,792194,3710,Active,Annual,Paid,A015
P0039,C0753,PN000039,Vehicle,2024-01-01,2025-01-01,23050,955274,3864,Active,Annual,Paid,A074
P0040,C0541,PN000040,Life,2024-01-01,2025-01-01,42153,356015,4665,Active,Annual,Paid,A068
P0041,C0648,PN000041,Vehicle,2024-01-01,2025-01-01,47856,807240,5105,Active,Annual,Paid,A060
P0042,C0696,PN000042,Property,2024-01-01,2025-01-01,25625,280149,7041,Active,Annual,Paid,A035
P0043,C0318,PN000043,Health,2024-01-01,2025-01-01,39775,727893,7246,Active,Annual,Paid,A001
P0044,C0774,PN000044,Life,2024-01-01,2025-01-01,28247,252257,3110,Active,Annual,Paid,A053
P0045,C0698,PN000045,Health,2024-01-01,2025-01-01,10515,702311,2451,Active,Annual,Paid,A074
P0046,C0782,PN000046,Vehicle,2024-01-01,2025-01-01,19657,478405,1898,Active,Annual,Paid,A014
P0047,C0226,PN000047,Property,2024-01-01,2025-01-01,32238,918485,9970,Active,Annual,Paid,A048
P0048,C0260,PN000048,Property,2024-01-01,2025-01-01,47858,948688,1223,Active,Annual,Paid,A057
P0049,C0744,PN000049,Life,2024-01-01,2025-01-01,35100,842116,7331,Active,Annual,Paid,A069
P0050,C0074,PN000050,Health,2024-01-01,2025-01-01,27931,568657,5636,Active,Annual,Paid,A046
P0051,C0119,PN000051,Life,2024-01-01,2025-01-01,49360,604589,8091,Active,Annual,Paid,A055
P0052,C0471,PN000052,Vehicle,2024-01-01,2025-01-01,29546,725570,4102,Active,Annual,Paid,A019
P0053,C0410,PN000053,Life,2024-01-01,2025-01-01,7053,277112,9610,Active,Annual,Paid,A018
P0054,C0109,PN000054,Vehicle,2024-01-01,2025-01-01,5945,755778,8947,Active,Annual,Paid,A010
P0055,C0321,PN000055,Property,2024-01-01,2025-01-01,16322,729200,6416,Active,Annual,Paid,A061
P0056,C0744,PN000056,Health,2024-01-01,2025-01-01,24279,982174,2390,Active,Annual,Paid,A032
P0057,C0026,PN000057,Health,2024-01-01,2025-01-01,49103,880015,8322,Active,Annual,Paid,A005
P0058,C0226,PN000058,Life,2024-01-01,2025-01-01,25620,734431,6279,Active,Annual,Paid,A080
P0059,C0099,PN000059,Life,2024-01-01,2025-01-01,22393,766670,2269,Active,Annual,Paid,A017
P0060,C0628,PN000060,Life,2024-01-01,2025-01-01,35807,775330,6274,Active,Annual,Paid,A052
P0061,C0180,PN000061,Life,2024-01-01,2025-01-01,7721,395460,7928,Active,Annual,Paid,A073
P0062,C0018,PN000062,Vehicle,2024-01-01,2025-01-01,14049,916568,2580,Active,Annual,Paid,A070
P0063,C0744,PN000063,Property,2024-01-01,2025-01-01,22279,450663,2627,Active,Annual,Paid,A069
P0064,C0107,PN000064,Property,2024-01-01,2025-01-01,46837,565477,8097,Active,Annual,Paid,A046
P0065,C0395,PN000065,Life,2024-01-01,2025-01-01,5497,220320,4105,Active,Annual,Paid,A005
P0066,C0398,PN000066,Life,2024-01-01,2025-01-01,36339,555090,6888,Active,Annual,Paid,A031
P0067,C0405,PN000067,Property,2024-01-01,2025-01-01,33585,189405,5861,Active,Annual,Paid,A057
P0068,C0493,PN000068,Property,2024-01-01,2025-01-01,9343,262658,2530,Active,Annual,Paid,A038
P0069,C0105,PN000069,Property,2024-01-01,2025-01-01,16663,911655,7092,Active,Annual,Paid,A087
P0070,C0795,PN000070,Health,2024-01-01,2025-01-01,33045,647593,1286,Active,Annual,Paid,A024
P0071,C0233,PN000071,Property,2024-01-01,2025-01-01,42202,290981,9525,Active,Annual,Paid,A099
P0072,C0094,PN000072,Health,2024-01-01,2025-01-01,19104,485876,6382,Active,Annual,Paid,A059
P0073,C0114,PN000073,Vehicle,2024-01-01,2025-01-01,46466,110262,8933,Active,Annual,Paid,A019
P0074,C0170,PN000074,Life,2024-01-01,2025-01-01,18289,697333,5286,Active,Annual,Paid,A063
P0075,C0626,PN000075,Life,2024-01-01,2025-01-01,34719,148823,5920,Active,Annual,Paid,A073
P0076,C0336,PN000076,Property,2024-01-01,2025-01-01,34166,607616,1794,Active,Annual,Paid,A010
P0077,C0374,PN000077,Property,2024-01-01,2025-01-01,28685,119142,6635,Active,Annual,Paid,A060
P0078,C0202,PN000078,Vehicle,2024-01-01,2025-01-01,9731,180725,6116,Active,Annual,Paid,A089
P0079,C0417,PN000079,Life,2024-01-01,2025-01-01,22323,818318,9457,Active,Annual,Paid,A053
P0080,C0683,PN000080,Health,2024-01-01,2025-01-01,30331,336220,2364,Active,Annual,Paid,A035
P0081,C0486,PN000081,Vehicle,2024-01-01,2025-01-01,41752,640447,9867,Active,Annual,Paid,A018
P0082,C0362,PN000082,Life,2024-01-01,2025-01-01,11026,891856,3655,Active,Annual,Paid,A031
P0083,C0452,PN000083,Property,2024-01-01,2025-01-01,19145,515441,1772,Active,Annual,Paid,A048
P0084,C0297,PN000084,Health,2024-01-01,2025-01-01,26842,787699,4016,Active,Annual,Paid,A034
P0085,C0770,PN000085,Property,2024-01-01,2025-01-01,23990,313040,5892,Active,Annual,Paid,A037
P0086,C0718,PN000086,Life,2024-01-01,2025-01-01,37193,397817,5212,Active,Annual,Paid,A098
P0087,C0749,PN000087,Vehicle,2024-01-01,2025-01-01,18893,314883,5906,Active,Annual,Paid,A057
P0088,C0392,PN000088,Health,2024-01-01,2025-01-01,41527,771391,2829,Active,Annual,Paid,A005
P0089,C0384,PN000089,Life,2024-01-01,2025-01-01,19739,803553,2091,Active,Annual,Paid,A050
P0090,C0754,PN000090,Vehicle,2024-01-01,2025-01-01,46492,650898,7122,Active,Annual,Paid,A005
P0091,C0424,PN000091,Life,2024-01-01,2025-01-01,26695,969724,9935,Active,Annual,Paid,A090
P0092,C0305,PN000092,Life,2024-01-01,2025-01-01,21816,575926,7161,Active,Annual,Paid,A008
P0093,C0610,PN000093,Property,2024-01-01,2025-01-01,7284,685332,5549,Active,Annual,Paid,A073
P0094,C0040,PN000094,Vehicle,2024-01-01,2025-01-01,21719,161989,7231,Active,Annual,Paid,A068
P0095,C0697,PN000095,Life,2024-01-01,2025-01-01,34748,391931,7246,Active,Annual,Paid,A028
P0096,C0306,PN000096,Vehicle,2024-01-01,2025-01-01,15766,643529,8267,Active,Annual,Paid,A013
P0097,C0267,PN000097,Property,2024-01-01,2025-01-01,41649,133474,6490,Active,Annual,Paid,A003
P0098,C0167,PN000098,Health,2024-01-01,2025-01-01,17323,945508,7829,Active,Annual,Paid,A041
P0099,C0486,PN000099,Property,2024-01-01,2025-01-01,41714,790648,2346,Active,Annual,Paid,A030
P0100,C0793,PN000100,Property,2024-01-01,2025-01-01,16094,850917,9881,Active,Annual,Paid,A045
P0101,C0691,PN000101,Health,2024-01-01,2025-01-01,26640,172287,4471,Active,Annual,Paid,A045
P0102,C0052,PN000102,Vehicle,2024-01-01,2025-01-01,12737,314288,6383,Active,Annual,Paid,A016
P0103,C0636,PN000103,Property,2024-01-01,2025-01-01,29776,426036,1180,Active,Annual,Paid,A018
P0104,C0800,PN000104,Property,2024-01-01,2025-01-01,14587,490485,8806,Active,Annual,Paid,A099
P0105,C0561,PN000105,Property,2024-01-01,2025-01-01,48919,878125,8265,Active,Annual,Paid,A060
P0106,C0413,PN000106,Health,2024-01-01,2025-01-01,7502,685658,9994,Active,Annual,Paid,A093
P0107,C0363,PN000107,Vehicle,2024-01-01,2025-01-01,26426,610167,7763,Active,Annual,Paid,A083
P0108,C0003,PN000108,Health,2024-01-01,2025-01-01,8980,467791,5092,Active,Annual,Paid,A045
P0109,C0210,PN000109,Health,2024-01-01,2025-01-01,47070,500756,5780,Active,Annual,Paid,A088
P0110,C0754,PN000110,Property,2024-01-01,2025-01-01,47710,816662,1693,Active,Annual,Paid,A068
P0111,C0139,PN000111,Vehicle,2024-01-01,2025-01-01,19783,722152,7330,Active,Annual,Paid,A006
P0112,C0760,PN000112,Life,2024-01-01,2025-01-01,27734,571374,7017,Active,Annual,Paid,A080
P0113,C0039,PN000113,Health,2024-01-01,2025-01-01,10473,880897,2121,Active,Annual,Paid,A006
P0114,C0155,PN000114,Health,2024-01-01,2025-01-01,11454,110799,7689,Active,Annual,Paid,A007
P0115,C0790,PN000115,Vehicle,2024-01-01,2025-01-01,40960,650851,4845,Active,Annual,Paid,A041
P0116,C0203,PN000116,Property,2024-01-01,2025-01-01,45655,560384,7541,Active,Annual,Paid,A060
P0117,C0014,PN000117,Life,2024-01-01,2025-01-01,18408,403010,5012,Active,Annual,Paid,A007
P0118,C0280,PN000118,Life,2024-01-01,2025-01-01,43321,991399,6694,Active,Annual,Paid,A041
P0119,C0075,PN000119,Vehicle,2024-01-01,2025-01-01,32148,266877,8046,Active,Annual,Paid,A034
P0120,C0150,PN000120,Vehicle,2024-01-01,2025-01-01,30533,111308,6312,Active,Annual,Paid,A073
P0121,C0389,PN000121,Property,2024-01-01,2025-01-01,47468,707816,2942,Active,Annual,Paid,A009
P0122,C0525,PN000122,Vehicle,2024-01-01,2025-01-01,36449,168625,3850,Active,Annual,Paid,A064
P0123,C0319,PN000123,Life,2024-01-01,2025-01-01,42342,428256,6643,Active,Annual,Paid,A073
P0124,C0735,PN000124,Vehicle,2024-01-01,2025-01-01,41503,902281,7296,Active,Annual,Paid,A088
P0125,C0115,PN000125,Vehicle,2024-01-01,2025-01-01,21824,520893,9938,Active,Annual,Paid,A037
P0126,C0581,PN000126,Life,2024-01-01,2025-01-01,41391,301350,4378,Active,Annual,Paid,A060
P0127,C0754,PN000127,Vehicle,2024-01-01,2025-01-01,20454,424351,2218,Active,Annual,Paid,A023
P0128,C0067,PN000128,Life,2024-01-01,2025-01-01,20119,320252,6984,Active,Annual,Paid,A096
P0129,C0203,PN000129,Vehicle,2024-01-01,2025-01-01,30597,578734,2034,Active,Annual,Paid,A020
P0130,C0539,PN000130,Vehicle,2024-01-01,2025-01-01,18820,304703,8778,Active,Annual,Paid,A076
P0131,C0471,PN000131,Life,2024-01-01,2025-01-01,8586,141857,4400,Active,Annual,Paid,A019
P0132,C0519,PN000132,Vehicle,2024-01-01,2025-01-01,18663,946643,3154,Active,Annual,Paid,A091
P0133,C0622,PN000133,Property,2024-01-01,2025-01-01,7930,712619,6165,Active,Annual,Paid,A099
P0134,C0467,PN000134,Vehicle,2024-01-01,2025-01-01,10754,507767,5480,Active,Annual,Paid,A030
P0135,C0093,PN000135,Life,2024-01-01,2025-01-01,39041,837929,3642,Active,Annual,Paid,A003
P0136,C0336,PN000136,Property,2024-01-01,2025-01-01,35788,371680,2726,Active,Annual,Paid,A040
P0137,C0473,PN000137,Life,2024-01-01,2025-01-01,39643,326909,7814,Active,Annual,Paid,A039
P0138,C0096,PN000138,Life,2024-01-01,2025-01-01,19848,891213,7715,Active,Annual,Paid,A093
P0139,C0780,PN000139,Health,2024-01-01,2025-01-01,19148,991046,4381,Active,Annual,Paid,A036
P0140,C0284,PN000140,Life,2024-01-01,2025-01-01,5582,103375,8815,Active,Annual,Paid,A055
P0141,C0327,PN000141,Life,2024-01-01,2025-01-01,20475,679641,2218,Active,Annual,Paid,A016
P0142,C0099,PN000142,Health,2024-01-01,2025-01-01,32015,955000,6043,Active,Annual,Paid,A014
P0143,C0053,PN000143,Health,2024-01-01,2025-01-01,28215,291925,6469,Active,Annual,Paid,A073
P0144,C0457,PN000144,Health,2024-01-01,2025-01-01,47184,578582,1594,Active,Annual,Paid,A042
P0145,C0717,PN000145,Health,2024-01-01,2025-01-01,31439,213709,7915,Active,Annual,Paid,A067
P0146,C0669,PN000146,Health,2024-01-01,2025-01-01,48388,942399,6715,Active,Annual,Paid,A088
P0147,C0393,PN000147,Health,2024-01-01,2025-01-01,14483,414810,7276,Active,Annual,Paid,A056
P0148,C0230,PN000148,Property,2024-01-01,2025-01-01,45419,773807,7231,Active,Annual,Paid,A049
P0149,C0756,PN000149,Property,2024-01-01,2025-01-01,32090,992350,3714,Active,Annual,Paid,A070
P0150,C0127,PN000150,Health,2024-01-01,2025-01-01,19340,227847,2007,Active,Annual,Paid,A081
P0151,C0490,PN000151,Vehicle,2024-01-01,2025-01-01,19875,716630,8961,Active,Annual,Paid,A048
P0152,C0608,PN000152,Health,2024-01-01,2025-01-01,32281,921749,8665,Active,Annual,Paid,A089
P0153,C0381,PN000153,Life,2024-01-01,2025-01-01,16404,320375,9156,Active,Annual,Paid,A075
P0154,C0228,PN000154,Life,2024-01-01,2025-01-01,18825,230702,3928,Active,Annual,Paid,A060
P0155,C0763,PN000155,Health,2024-01-01,2025-01-01,11207,852718,8153,Active,Annual,Paid,A023
P0156,C0528,PN000156,Vehicle,2024-01-01,2025-01-01,45251,948688,7621,Active,Annual,Paid,A014
P0157,C0227,PN000157,Health,2024-01-01,2025-01-01,33566,490274,8194,Active,Annual,Paid,A052
P0158,C0458,PN000158,Property,2024-01-01,2025-01-01,44696,209316,8235,Active,Annual,Paid,A088
P0159,C0012,PN000159,Property,2024-01-01,2025-01-01,7405,921912,1971,Active,Annual,Paid,A092
P0160,C0413,PN000160,Health,2024-01-01,2025-01-01,47555,574454,7930,Active,Annual,Paid,A087
P0161,C0349,PN000161,Property,2024-01-01,2025-01-01,37734,375755,8028,Active,Annual,Paid,A008
P0162,C0673,PN000162,Property,2024-01-01,2025-01-01,16048,699528,2499,Active,Annual,Paid,A094
P0163,C0131,PN000163,Health,2024-01-01,2025-01-01,31052,351232,1803,Active,Annual,Paid,A042
P0164,C0255,PN000164,Life,2024-01-01,2025-01-01,48287,322645,7073,Active,Annual,Paid,A044
P0165,C0453,PN000165,Vehicle,2024-01-01,2025-01-01,38082,318453,3021,Active,Annual,Paid,A094
P0166,C0114,PN000166,Property,2024-01-01,2025-01-01,46069,994376,7877,Active,Annual,Paid,A035
P0167,C0647,PN000167,Life,2024-01-01,2025-01-01,21261,232086,5585,Active,Annual,Paid,A086
P0168,C0275,PN000168,Health,2024-01-01,2025-01-01,12697,817155,1749,Active,Annual,Paid,A031
P0169,C0795,PN000169,Life,2024-01-01,2025-01-01,39098,241533,2567,Active,Annual,Paid,A086
P0170,C0637,PN000170,Property,2024-01-01,2025-01-01,44025,437867,5231,Active,Annual,Paid,A086
P0171,C0065,PN000171,Vehicle,2024-01-01,2025-01-01,24465,790633,7699,Active,Annual,Paid,A077
P0172,C0309,PN000172,Vehicle,2024-01-01,2025-01-01,47748,405140,5094,Active,Annual,Paid,A022
P0173,C0177,PN000173,Vehicle,2024-01-01,2025-01-01,35704,801048,8823,Active,Annual,Paid,A019
P0174,C0380,PN000174,Health,2024-01-01,2025-01-01,42781,456914,7466,Active,Annual,Paid,A085
P0175,C0049,PN000175,Vehicle,2024-01-01,2025-01-01,25572,901520,8800,Active,Annual,Paid,A048
P0176,C0025,PN000176,Life,2024-01-01,2025-01-01,39037,179978,2057,Active,Annual,Paid,A064
P0177,C0772,PN000177,Health,2024-01-01,2025-01-01,33846,194990,7093,Active,Annual,Paid,A019
P0178,C0714,PN000178,Vehicle,2024-01-01,2025-01-01,15231,366285,9457,Active,Annual,Paid,A034
P0179,C0750,PN000179,Life,2024-01-01,2025-01-01,31078,614086,3943,Active,Annual,Paid,A083
P0180,C0511,PN000180,Property,2024-01-01,2025-01-01,18019,390636,7558,Active,Annual,Paid,A043
P0181,C0452,PN000181,Health,2024-01-01,2025-01-01,5419,324469,6902,Active,Annual,Paid,A072
P0182,C0624,PN000182,Health,2024-01-01,2025-01-01,16992,732415,9003,Active,Annual,Paid,A011
P0183,C0619,PN000183,Property,2024-01-01,2025-01-01,47183,340637,7942,Active,Annual,Paid,A064
P0184,C0507,PN000184,Property,2024-01-01,2025-01-01,20604,123193,9471,Active,Annual,Paid,A047
P0185,C0773,PN000185,Vehicle,2024-01-01,2025-01-01,35507,295580,4744,Active,Annual,Paid,A023
P0186,C0128,PN000186,Property,2024-01-01,2025-01-01,47014,642234,1658,Active,Annual,Paid,A007
P0187,C0720,PN000187,Life,2024-01-01,2025-01-01,13672,711437,4268,Active,Annual,Paid,A028
P0188,C0693,PN000188,Vehicle,2024-01-01,2025-01-01,42199,508837,2225,Active,Annual,Paid,A095
P0189,C0772,PN000189,Property,2024-01-01,2025-01-01,49677,372532,8934,Active,Annual,Paid,A019
P0190,C0383,PN000190,Vehicle,2024-01-01,2025-01-01,7622,289719,6772,Active,Annual,Paid,A070
P0191,C0270,PN000191,Vehicle,2024-01-01,2025-01-01,38455,941225,6268,Active,Annual,Paid,A071
P0192,C0072,PN000192,Property,2024-01-01,2025-01-01,14502,355778,4847,Active,Annual,Paid,A067
P0193,C0221,PN000193,Life,2024-01-01,2025-01-01,20054,728988,6402,Active,Annual,Paid,A095
P0194,C0128,PN000194,Life,2024-01-01,2025-01-01,44424,239483,9519,Active,Annual,Paid,A091
P0195,C0278,PN000195,Property,2024-01-01,2025-01-01,27874,906381,5433,Active,Annual,Paid,A019
P0196,C0411,PN000196,Property,2024-01-01,2025-01-01,38370,374835,8123,Active,Annual,Paid,A006
P0197,C0638,PN000197,Health,2024-01-01,2025-01-01,48860,895638,6915,Active,Annual,Paid,A042
P0198,C0308,PN000198,Health,2024-01-01,2025-01-01,47113,149890,9458,Active,Annual,Paid,A029
P0199,C0685,PN000199,Life,2024-01-01,2025-01-01,18642,208958,6918,Active,Annual,Paid,A026
P0200,C0499,PN000200,Health,2024-01-01,2025-01-01,41707,117184,4317,Active,Annual,Paid,A074
P0201,C0195,PN000201,Property,2024-01-01,2025-01-01,13154,322808,4881,Active,Annual,Paid,A045
P0202,C0626,PN000202,Health,2024-01-01,2025-01-01,35152,360921,4810,Active,Annual,Paid,A024
P0203,C0605,PN000203,Life,2024-01-01,2025-01-01,6902,492667,1668,Active,Annual,Paid,A001
P0204,C0177,PN000204,Property,2024-01-01,2025-01-01,17478,663159,5784,Active,Annual,Paid,A011
P0205,C0037,PN000205,Property,2024-01-01,2025-01-01,6375,724701,4740,Active,Annual,Paid,A033
P0206,C0785,PN000206,Vehicle,2024-01-01,2025-01-01,32118,461196,4051,Active,Annual,Paid,A022
P0207,C0797,PN000207,Property,2024-01-01,2025-01-01,34421,447089,2378,Active,Annual,Paid,A081
P0208,C0780,PN000208,Property,2024-01-01,2025-01-01,8404,466798,2538,Active,Annual,Paid,A014
P0209,C0222,PN000209,Property,2024-01-01,2025-01-01,33335,791546,4103,Active,Annual,Paid,A058
P0210,C0701,PN000210,Property,2024-01-01,2025-01-01,14459,342398,6843,Active,Annual,Paid,A008
P0211,C0670,PN000211,Life,2024-01-01,2025-01-01,26594,421236,4493,Active,Annual,Paid,A008
P0212,C0034,PN000212,Property,2024-01-01,2025-01-01,17554,412964,1119,Active,Annual,Paid,A044
P0213,C0496,PN000213,Property,2024-01-01,2025-01-01,8636,487892,5636,Active,Annual,Paid,A007
P0214,C0433,PN000214,Property,2024-01-01,2025-01-01,39532,818027,5519,Active,Annual,Paid,A037
P0215,C0047,PN000215,Vehicle,2024-01-01,2025-01-01,46109,138414,4396,Active,Annual,Paid,A050
P0216,C0109,PN000216,Health,2024-01-01,2025-01-01,25590,884919,4578,Active,Annual,Paid,A013
P0217,C0319,PN000217,Property,2024-01-01,2025-01-01,41960,597153,2003,Active,Annual,Paid,A094
P0218,C0685,PN000218,Life,2024-01-01,2025-01-01,47904,219885,2147,Active,Annual,Paid,A100
P0219,C0630,PN000219,Health,2024-01-01,2025-01-01,29115,685043,6760,Active,Annual,Paid,A076
P0220,C0698,PN000220,Health,2024-01-01,2025-01-01,13225,552619,3911,Active,Annual,Paid,A098
P0221,C0748,PN000221,Life,2024-01-01,2025-01-01,31937,260652,1013,Active,Annual,Paid,A015
P0222,C0202,PN000222,Property,2024-01-01,2025-01-01,32933,420731,6379,Active,Annual,Paid,A073
P0223,C0447,PN000223,Life,2024-01-01,2025-01-01,45722,230444,3334,Active,Annual,Paid,A021
P0224,C0049,PN000224,Property,2024-01-01,2025-01-01,9190,829299,9473,Active,Annual,Paid,A006
P0225,C0574,PN000225,Life,2024-01-01,2025-01-01,45657,826807,3933,Active,Annual,Paid,A034
P0226,C0489,PN000226,Vehicle,2024-01-01,2025-01-01,5040,837328,6046,Active,Annual,Paid,A031
P0227,C0553,PN000227,Health,2024-01-01,2025-01-01,8950,697532,3958,Active,Annual,Paid,A033
P0228,C0541,PN000228,Life,2024-01-01,2025-01-01,47980,664182,2029,Active,Annual,Paid,A003
P0229,C0615,PN000229,Health,2024-01-01,2025-01-01,28433,646072,3417,Active,Annual,Paid,A080
P0230,C0524,PN000230,Vehicle,2024-01-01,2025-01-01,32958,498827,8653,Active,Annual,Paid,A004
P0231,C0010,PN000231,Health,2024-01-01,2025-01-01,10964,111771,4024,Active,Annual,Paid,A053
P0232,C0336,PN000232,Property,2024-01-01,2025-01-01,24250,272166,5050,Active,Annual,Paid,A066
P0233,C0002,PN000233,Health,2024-01-01,2025-01-01,46511,985732,4152,Active,Annual,Paid,A058
P0234,C0789,PN000234,Vehicle,2024-01-01,2025-01-01,43890,140142,2376,Active,Annual,Paid,A029
P0235,C0615,PN000235,Vehicle,2024-01-01,2025-01-01,9170,419958,2634,Active,Annual,Paid,A037
P0236,C0326,PN000236,Health,2024-01-01,2025-01-01,7197,736731,1237,Active,Annual,Paid,A063
P0237,C0571,PN000237,Health,2024-01-01,2025-01-01,16585,772667,3526,Active,Annual,Paid,A056
P0238,C0557,PN000238,Health,2024-01-01,2025-01-01,23664,497068,3352,Active,Annual,Paid,A071
P0239,C0173,PN000239,Property,2024-01-01,2025-01-01,15340,238153,5674,Active,Annual,Paid,A040
P0240,C0331,PN000240,Property,2024-01-01,2025-01-01,45584,754236,8931,Active,Annual,Paid,A068
P0241,C0282,PN000241,Life,2024-01-01,2025-01-01,47231,586823,6057,Active,Annual,Paid,A068
P0242,C0022,PN000242,Life,2024-01-01,2025-01-01,22819,975199,3585,Active,Annual,Paid,A001
P0243,C0410,PN000243,Property,2024-01-01,2025-01-01,36140,608428,9424,Active,Annual,Paid,A053
P0244,C0052,PN000244,Vehicle,2024-01-01,2025-01-01,20728,559199,4879,Active,Annual,Paid,A069
P0245,C0062,PN000245,Property,2024-01-01,2025-01-01,43372,958496,7841,Active,Annual,Paid,A016
P0246,C0445,PN000246,Life,2024-01-01,2025-01-01,22563,801386,1899,Active,Annual,Paid,A071
P0247,C0362,PN000247,Property,2024-01-01,2025-01-01,26844,497818,7504,Active,Annual,Paid,A069
P0248,C0013,PN000248,Property,2024-01-01,2025-01-01,8169,245320,6590,Active,Annual,Paid,A074
P0249,C0320,PN000249,Property,2024-01-01,2025-01-01,10130,533861,9556,Active,Annual,Paid,A004
P0250,C0394,PN000250,Health,2024-01-01,2025-01-01,17656,450090,2234,Active,Annual,Paid,A086
P0251,C0084,PN000251,Health,2024-01-01,2025-01-01,24282,437290,2059,Active,Annual,Paid,A007
P0252,C0700,PN000252,Life,2024-01-01,2025-01-01,10171,226109,1154,Active,Annual,Paid,A092
P0253,C0192,PN000253,Health,2024-01-01,2025-01-01,39156,648861,1971,Active,Annual,Paid,A035
P0254,C0576,PN000254,Vehicle,2024-01-01,2025-01-01,41981,314193,1375,Active,Annual,Paid,A043
P0255,C0258,PN000255,Property,2024-01-01,2025-01-01,32221,853797,7646,Active,Annual,Paid,A077
P0256,C0427,PN000256,Vehicle,2024-01-01,2025-01-01,37524,287090,2430,Active,Annual,Paid,A027
P0257,C0202,PN000257,Vehicle,2024-01-01,2025-01-01,37976,118759,4452,Active,Annual,Paid,A073
P0258,C0234,PN000258,Vehicle,2024-01-01,2025-01-01,36222,343829,9195,Active,Annual,Paid,A057
P0259,C0470,PN000259,Vehicle,2024-01-01,2025-01-01,28571,451751,8564,Active,Annual,Paid,A011
P0260,C0193,PN000260,Property,2024-01-01,2025-01-01,11754,143000,1745,Active,Annual,Paid,A010
P0261,C0796,PN000261,Life,2024-01-01,2025-01-01,12625,410071,3185,Active,Annual,Paid,A074
P0262,C0339,PN000262,Vehicle,2024-01-01,2025-01-01,15869,920811,2830,Active,Annual,Paid,A048
P0263,C0093,PN000263,Vehicle,2024-01-01,2025-01-01,10565,805731,3520,Active,Annual,Paid,A044
P0264,C0375,PN000264,Health,2024-01-01,2025-01-01,20784,849811,8698,Active,Annual,Paid,A022
P0265,C0774,PN000265,Vehicle,2024-01-01,2025-01-01,36325,765810,2798,Active,Annual,Paid,A059
P0266,C0072,PN000266,Health,2024-01-01,2025-01-01,39331,792197,6766,Active,Annual,Paid,A061
P0267,C0691,PN000267,Property,2024-01-01,2025-01-01,26379,962146,6727,Active,Annual,Paid,A054
P0268,C0036,PN000268,Life,2024-01-01,2025-01-01,34285,136284,3569,Active,Annual,Paid,A047
P0269,C0167,PN000269,Health,2024-01-01,2025-01-01,15742,417068,6741,Active,Annual,Paid,A018
P0270,C0241,PN000270,Vehicle,2024-01-01,2025-01-01,44445,461960,1479,Active,Annual,Paid,A086
P0271,C0598,PN000271,Vehicle,2024-01-01,2025-01-01,9725,187394,7030,Active,Annual,Paid,A043
P0272,C0583,PN000272,Life,2024-01-01,2025-01-01,36050,589288,6752,Active,Annual,Paid,A083
P0273,C0798,PN000273,Health,2024-01-01,2025-01-01,34891,755607,7865,Active,Annual,Paid,A082
P0274,C0063,PN000274,Vehicle,2024-01-01,2025-01-01,41635,408427,1620,Active,Annual,Paid,A050
P0275,C0335,PN000275,Property,2024-01-01,2025-01-01,6146,995606,7454,Active,Annual,Paid,A029
P0276,C0505,PN000276,Life,2024-01-01,2025-01-01,34058,323051,7287,Active,Annual,Paid,A056
P0277,C0585,PN000277,Health,2024-01-01,2025-01-01,14684,951668,1101,Active,Annual,Paid,A035
P0278,C0249,PN000278,Life,2024-01-01,2025-01-01,25735,187129,6013,Active,Annual,Paid,A063
P0279,C0680,PN000279,Vehicle,2024-01-01,2025-01-01,5124,637628,4326,Active,Annual,Paid,A019
P0280,C0520,PN000280,Health,2024-01-01,2025-01-01,22471,950311,8718,Active,Annual,Paid,A095
P0281,C0098,PN000281,Life,2024-01-01,2025-01-01,24566,392217,6944,Active,Annual,Paid,A034
P0282,C0654,PN000282,Vehicle,2024-01-01,2025-01-01,48383,671437,4156,Active,Annual,Paid,A099
P0283,C0632,PN000283,Health,2024-01-01,2025-01-01,40789,708106,5390,Active,Annual,Paid,A059
P0284,C0387,PN000284,Vehicle,2024-01-01,2025-01-01,11193,452957,2968,Active,Annual,Paid,A018
P0285,C0305,PN000285,Health,2024-01-01,2025-01-01,14873,780126,1248,Active,Annual,Paid,A019
P0286,C0732,PN000286,Property,2024-01-01,2025-01-01,15335,346030,2520,Active,Annual,Paid,A083
P0287,C0205,PN000287,Property,2024-01-01,2025-01-01,13598,954097,8756,Active,Annual,Paid,A035
P0288,C0182,PN000288,Life,2024-01-01,2025-01-01,24562,124260,7194,Active,Annual,Paid,A055
P0289,C0087,PN000289,Vehicle,2024-01-01,2025-01-01,42585,604959,1115,Active,Annual,Paid,A035
P0290,C0309,PN000290,Vehicle,2024-01-01,2025-01-01,29058,972934,3644,Active,Annual,Paid,A086
P0291,C0076,PN000291,Health,2024-01-01,2025-01-01,13392,457154,6904,Active,Annual,Paid,A035
P0292,C0525,PN000292,Vehicle,2024-01-01,2025-01-01,12283,916190,4320,Active,Annual,Paid,A070
P0293,C0460,PN000293,Vehicle,2024-01-01,2025-01-01,18722,570998,4293,Active,Annual,Paid,A036
P0294,C0529,PN000294,Health,2024-01-01,2025-01-01,31638,526027,8071,Active,Annual,Paid,A010
P0295,C0627,PN000295,Property,2024-01-01,2025-01-01,16383,966209,9137,Active,Annual,Paid,A072
P0296,C0586,PN000296,Life,2024-01-01,2025-01-01,12062,311546,5955,Active,Annual,Paid,A093
P0297,C0100,PN000297,Life,2024-01-01,2025-01-01,25375,464155,2492,Active,Annual,Paid,A081
P0298,C0005,PN000298,Life,2024-01-01,2025-01-01,11307,743565,4472,Active,Annual,Paid,A028
P0299,C0462,PN000299,Property,2024-01-01,2025-01-01,30131,910064,9706,Active,Annual,Paid,A088
P0300,C0205,PN000300,Property,2024-01-01,2025-01-01,32956,950259,3105,Active,Annual,Paid,A032
P0301,C0362,PN000301,Life,2024-01-01,2025-01-01,13113,147655,7235,Active,Annual,Paid,A036
P0302,C0723,PN000302,Property,2024-01-01,2025-01-01,42518,913908,4015,Active,Annual,Paid,A048
P0303,C0328,PN000303,Property,2024-01-01,2025-01-01,21105,421688,9704,Active,Annual,Paid,A011
P0304,C0427,PN000304,Property,2024-01-01,2025-01-01,31129,974268,3142,Active,Annual,Paid,A072
P0305,C0223,PN000305,Health,2024-01-01,2025-01-01,15456,463079,3181,Active,Annual,Paid,A025
P0306,C0305,PN000306,Health,2024-01-01,2025-01-01,48448,125940,1813,Active,Annual,Paid,A042
P0307,C0064,PN000307,Life,2024-01-01,2025-01-01,38274,300865,4075,Active,Annual,Paid,A090
P0308,C0556,PN000308,Life,2024-01-01,2025-01-01,38776,899070,7147,Active,Annual,Paid,A031
P0309,C0223,PN000309,Life,2024-01-01,2025-01-01,12996,327262,2780,Active,Annual,Paid,A011
P0310,C0268,PN000310,Life,2024-01-01,2025-01-01,41987,666465,9879,Active,Annual,Paid,A093
P0311,C0131,PN000311,Health,2024-01-01,2025-01-01,17896,792475,6195,Active,Annual,Paid,A035
P0312,C0781,PN000312,Life,2024-01-01,2025-01-01,31643,190695,4478,Active,Annual,Paid,A003
P0313,C0685,PN000313,Health,2024-01-01,2025-01-01,6226,569516,6005,Active,Annual,Paid,A075
P0314,C0572,PN000314,Health,2024-01-01,2025-01-01,30421,577619,3864,Active,Annual,Paid,A031
P0315,C0451,PN000315,Health,2024-01-01,2025-01-01,5607,237032,5983,Active,Annual,Paid,A094
P0316,C0489,PN000316,Property,2024-01-01,2025-01-01,46350,776774,1574,Active,Annual,Paid,A079
P0317,C0766,PN000317,Vehicle,2024-01-01,2025-01-01,17845,175585,1218,Active,Annual,Paid,A058
P0318,C0441,PN000318,Health,2024-01-01,2025-01-01,8724,661619,5430,Active,Annual,Paid,A019
P0319,C0331,PN000319,Vehicle,2024-01-01,2025-01-01,5197,669266,3206,Active,Annual,Paid,A009
P0320,C0099,PN000320,Vehicle,2024-01-01,2025-01-01,23199,604664,3853,Active,Annual,Paid,A045
P0321,C0764,PN000321,Property,2024-01-01,2025-01-01,45880,250533,9749,Active,Annual,Paid,A085
P0322,C0325,PN000322,Property,2024-01-01,2025-01-01,43708,318475,5892,Active,Annual,Paid,A021
P0323,C0611,PN000323,Life,2024-01-01,2025-01-01,34978,559738,3239,Active,Annual,Paid,A087
P0324,C0189,PN000324,Vehicle,2024-01-01,2025-01-01,37656,526287,6317,Active,Annual,Paid,A023
P0325,C0173,PN000325,Vehicle,2024-01-01,2025-01-01,22346,981472,9855,Active,Annual,Paid,A080
P0326,C0665,PN000326,Health,2024-01-01,2025-01-01,31453,937564,9764,Active,Annual,Paid,A093
P0327,C0279,PN000327,Vehicle,2024-01-01,2025-01-01,40621,470132,2776,Active,Annual,Paid,A084
P0328,C0548,PN000328,Health,2024-01-01,2025-01-01,16482,763732,7947,Active,Annual,Paid,A033
P0329,C0025,PN000329,Health,2024-01-01,2025-01-01,42765,667786,1132,Active,Annual,Paid,A009
P0330,C0474,PN000330,Property,2024-01-01,2025-01-01,28944,732535,3381,Active,Annual,Paid,A069
P0331,C0182,PN000331,Health,2024-01-01,2025-01-01,29155,860237,2356,Active,Annual,Paid,A008
P0332,C0057,PN000332,Vehicle,2024-01-01,2025-01-01,15166,970259,1357,Active,Annual,Paid,A016
P0333,C0262,PN000333,Vehicle,2024-01-01,2025-01-01,49347,174063,6642,Active,Annual,Paid,A029
P0334,C0417,PN000334,Property,2024-01-01,2025-01-01,30195,632646,4133,Active,Annual,Paid,A045
P0335,C0276,PN000335,Vehicle,2024-01-01,2025-01-01,32000,930799,4908,Active,Annual,Paid,A093
P0336,C0390,PN000336,Health,2024-01-01,2025-01-01,26154,276277,7617,Active,Annual,Paid,A028
P0337,C0694,PN000337,Life,2024-01-01,2025-01-01,40575,489306,1522,Active,Annual,Paid,A031
P0338,C0213,PN000338,Life,2024-01-01,2025-01-01,24865,749856,8471,Active,Annual,Paid,A021
P0339,C0103,PN000339,Vehicle,2024-01-01,2025-01-01,40781,485418,4327,Active,Annual,Paid,A002
P0340,C0163,PN000340,Vehicle,2024-01-01,2025-01-01,12276,300018,7173,Active,Annual,Paid,A036
P0341,C0574,PN000341,Life,2024-01-01,2025-01-01,18530,168776,5634,Active,Annual,Paid,A056
P0342,C0512,PN000342,Property,2024-01-01,2025-01-01,19885,975849,1814,Active,Annual,Paid,A065
P0343,C0266,PN000343,Property,2024-01-01,2025-01-01,42687,870747,3538,Active,Annual,Paid,A042
P0344,C0669,PN000344,Life,2024-01-01,2025-01-01,34579,276493,9550,Active,Annual,Paid,A044
P0345,C0102,PN000345,Vehicle,2024-01-01,2025-01-01,15102,100245,7273,Active,Annual,Paid,A059
P0346,C0174,PN000346,Health,2024-01-01,2025-01-01,41432,768402,4388,Active,Annual,Paid,A017
P0347,C0648,PN000347,Health,2024-01-01,2025-01-01,42786,896546,9038,Active,Annual,Paid,A015
P0348,C0229,PN000348,Property,2024-01-01,2025-01-01,27834,407602,2486,Active,Annual,Paid,A070
P0349,C0230,PN000349,Health,2024-01-01,2025-01-01,11232,376268,5570,Active,Annual,Paid,A048
P0350,C0297,PN000350,Life,2024-01-01,2025-01-01,16949,552419,9018,Active,Annual,Paid,A071
P0351,C0330,PN000351,Life,2024-01-01,2025-01-01,40923,908083,7598,Active,Annual,Paid,A049
P0352,C0214,PN000352,Life,2024-01-01,2025-01-01,9637,834106,9742,Active,Annual,Paid,A054
P0353,C0457,PN000353,Life,2024-01-01,2025-01-01,30982,468305,1472,Active,Annual,Paid,A039
P0354,C0292,PN000354,Health,2024-01-01,2025-01-01,26152,348077,4990,Active,Annual,Paid,A017
P0355,C0529,PN000355,Life,2024-01-01,2025-01-01,14203,729813,1752,Active,Annual,Paid,A076
P0356,C0358,PN000356,Life,2024-01-01,2025-01-01,39722,772987,7550,Active,Annual,Paid,A022
P0357,C0730,PN000357,Vehicle,2024-01-01,2025-01-01,24672,453544,6630,Active,Annual,Paid,A008
P0358,C0527,PN000358,Health,2024-01-01,2025-01-01,5154,967252,7759,Active,Annual,Paid,A096
P0359,C0291,PN000359,Health,2024-01-01,2025-01-01,13992,713311,5624,Active,Annual,Paid,A001
P0360,C0112,PN000360,Life,2024-01-01,2025-01-01,8411,919812,8818,Active,Annual,Paid,A006
P0361,C0512,PN000361,Vehicle,2024-01-01,2025-01-01,17611,873974,1777,Active,Annual,Paid,A007
P0362,C0358,PN000362,Life,2024-01-01,2025-01-01,38662,337379,6251,Active,Annual,Paid,A036
P0363,C0331,PN000363,Health,2024-01-01,2025-01-01,43766,760383,3186,Active,Annual,Paid,A064
P0364,C0132,PN000364,Vehicle,2024-01-01,2025-01-01,47912,346230,1891,Active,Annual,Paid,A073
P0365,C0092,PN000365,Health,2024-01-01,2025-01-01,17531,891082,6877,Active,Annual,Paid,A005
P0366,C0423,PN000366,Vehicle,2024-01-01,2025-01-01,17726,950458,4413,Active,Annual,Paid,A093
P0367,C0383,PN000367,Vehicle,2024-01-01,2025-01-01,20028,126732,7901,Active,Annual,Paid,A085
P0368,C0328,PN000368,Property,2024-01-01,2025-01-01,13498,458405,3183,Active,Annual,Paid,A071
P0369,C0097,PN000369,Life,2024-01-01,2025-01-01,31335,949784,7581,Active,Annual,Paid,A058
P0370,C0611,PN000370,Vehicle,2024-01-01,2025-01-01,46703,435329,6751,Active,Annual,Paid,A013
P0371,C0705,PN000371,Property,2024-01-01,2025-01-01,35528,419839,2145,Active,Annual,Paid,A051
P0372,C0493,PN000372,Property,2024-01-01,2025-01-01,12506,442018,3986,Active,Annual,Paid,A008
P0373,C0178,PN000373,Property,2024-01-01,2025-01-01,14616,700539,3821,Active,Annual,Paid,A041
P0374,C0709,PN000374,Life,2024-01-01,2025-01-01,31462,191943,4539,Active,Annual,Paid,A024
P0375,C0619,PN000375,Vehicle,2024-01-01,2025-01-01,36942,492549,5451,Active,Annual,Paid,A093
P0376,C0735,PN000376,Life,2024-01-01,2025-01-01,36723,136566,7297,Active,Annual,Paid,A023
P0377,C0137,PN000377,Property,2024-01-01,2025-01-01,25038,459168,2989,Active,Annual,Paid,A080
P0378,C0353,PN000378,Property,2024-01-01,2025-01-01,20843,214329,1088,Active,Annual,Paid,A100
P0379,C0474,PN000379,Life,2024-01-01,2025-01-01,45050,620205,4451,Active,Annual,Paid,A016
P0380,C0104,PN000380,Health,2024-01-01,2025-01-01,39963,411889,7782,Active,Annual,Paid,A065
P0381,C0211,PN000381,Property,2024-01-01,2025-01-01,46438,723170,4184,Active,Annual,Paid,A041
P0382,C0171,PN000382,Vehicle,2024-01-01,2025-01-01,8185,617636,8106,Active,Annual,Paid,A095
P0383,C0118,PN000383,Health,2024-01-01,2025-01-01,48029,721451,1656,Active,Annual,Paid,A023
P0384,C0085,PN000384,Property,2024-01-01,2025-01-01,27801,299048,9645,Active,Annual,Paid,A059
P0385,C0057,PN000385,Property,2024-01-01,2025-01-01,11058,484086,3971,Active,Annual,Paid,A046
P0386,C0796,PN000386,Vehicle,2024-01-01,2025-01-01,10263,646553,5226,Active,Annual,Paid,A049
P0387,C0568,PN000387,Health,2024-01-01,2025-01-01,41895,529983,3382,Active,Annual,Paid,A076
P0388,C0787,PN000388,Life,2024-01-01,2025-01-01,33537,330722,6368,Active,Annual,Paid,A066
P0389,C0443,PN000389,Health,2024-01-01,2025-01-01,19151,478039,9934,Active,Annual,Paid,A028
P0390,C0511,PN000390,Vehicle,2024-01-01,2025-01-01,25513,500336,2829,Active,Annual,Paid,A071
P0391,C0238,PN000391,Property,2024-01-01,2025-01-01,33078,968654,8591,Active,Annual,Paid,A096
P0392,C0405,PN000392,Life,2024-01-01,2025-01-01,13204,955032,4463,Active,Annual,Paid,A080
P0393,C0334,PN000393,Health,2024-01-01,2025-01-01,46401,182963,6213,Active,Annual,Paid,A004
P0394,C0434,PN000394,Property,2024-01-01,2025-01-01,45050,838766,9551,Active,Annual,Paid,A008
P0395,C0120,PN000395,Property,2024-01-01,2025-01-01,49056,354809,8690,Active,Annual,Paid,A002
P0396,C0688,PN000396,Life,2024-01-01,2025-01-01,29834,468200,5248,Active,Annual,Paid,A080
P0397,C0559,PN000397,Vehicle,2024-01-01,2025-01-01,40006,164672,9706,Active,Annual,Paid,A100
P0398,C0662,PN000398,Health,2024-01-01,2025-01-01,41619,662571,2997,Active,Annual,Paid,A016
P0399,C0048,PN000399,Vehicle,2024-01-01,2025-01-01,24020,526926,2016,Active,Annual,Paid,A011
P0400,C0086,PN000400,Vehicle,2024-01-01,2025-01-01,44462,252890,8413,Active,Annual,Paid,A015
P0401,C0009,PN000401,Vehicle,2024-01-01,2025-01-01,19125,324492,3671,Active,Annual,Paid,A024
P0402,C0748,PN000402,Life,2024-01-01,2025-01-01,37979,895161,1391,Active,Annual,Paid,A001
P0403,C0239,PN000403,Vehicle,2024-01-01,2025-01-01,15889,932550,2868,Active,Annual,Paid,A006
P0404,C0244,PN000404,Vehicle,2024-01-01,2025-01-01,18635,780067,6672,Active,Annual,Paid,A053
P0405,C0053,PN000405,Life,2024-01-01,2025-01-01,23675,419825,1794,Active,Annual,Paid,A010
P0406,C0221,PN000406,Health,2024-01-01,2025-01-01,10345,645329,1753,Active,Annual,Paid,A061
P0407,C0090,PN000407,Vehicle,2024-01-01,2025-01-01,12518,759345,2865,Active,Annual,Paid,A064
P0408,C0019,PN000408,Property,2024-01-01,2025-01-01,34071,220083,1742,Active,Annual,Paid,A005
P0409,C0017,PN000409,Health,2024-01-01,2025-01-01,44109,369127,2657,Active,Annual,Paid,A071
P0410,C0692,PN000410,Life,2024-01-01,2025-01-01,15607,893837,7093,Active,Annual,Paid,A033
P0411,C0056,PN000411,Life,2024-01-01,2025-01-01,27032,259000,9322,Active,Annual,Paid,A013
P0412,C0567,PN000412,Health,2024-01-01,2025-01-01,40709,392642,9796,Active,Annual,Paid,A053
P0413,C0625,PN000413,Property,2024-01-01,2025-01-01,11441,223252,1863,Active,Annual,Paid,A012
P0414,C0710,PN000414,Health,2024-01-01,2025-01-01,46951,140268,3319,Active,Annual,Paid,A007
P0415,C0206,PN000415,Life,2024-01-01,2025-01-01,46099,657443,4585,Active,Annual,Paid,A054
P0416,C0291,PN000416,Health,2024-01-01,2025-01-01,39441,174459,5351,Active,Annual,Paid,A083
P0417,C0525,PN000417,Property,2024-01-01,2025-01-01,37417,743709,5454,Active,Annual,Paid,A040
P0418,C0441,PN000418,Vehicle,2024-01-01,2025-01-01,6945,484227,2753,Active,Annual,Paid,A055
P0419,C0763,PN000419,Vehicle,2024-01-01,2025-01-01,37903,827559,3476,Active,Annual,Paid,A022
P0420,C0465,PN000420,Health,2024-01-01,2025-01-01,44675,113136,7796,Active,Annual,Paid,A022
P0421,C0388,PN000421,Property,2024-01-01,2025-01-01,44540,706151,5652,Active,Annual,Paid,A042
P0422,C0018,PN000422,Health,2024-01-01,2025-01-01,5116,188679,3168,Active,Annual,Paid,A094
P0423,C0718,PN000423,Property,2024-01-01,2025-01-01,18065,210054,2376,Active,Annual,Paid,A032
P0424,C0281,PN000424,Vehicle,2024-01-01,2025-01-01,13460,416119,3223,Active,Annual,Paid,A013
P0425,C0346,PN000425,Vehicle,2024-01-01,2025-01-01,11900,714535,7494,Active,Annual,Paid,A019
P0426,C0490,PN000426,Health,2024-01-01,2025-01-01,34823,329517,9275,Active,Annual,Paid,A029
P0427,C0487,PN000427,Vehicle,2024-01-01,2025-01-01,24674,318463,7024,Active,Annual,Paid,A074
P0428,C0297,PN000428,Health,2024-01-01,2025-01-01,46597,749434,8908,Active,Annual,Paid,A093
P0429,C0542,PN000429,Vehicle,2024-01-01,2025-01-01,46264,901014,7437,Active,Annual,Paid,A096
P0430,C0584,PN000430,Life,2024-01-01,2025-01-01,14311,810834,5447,Active,Annual,Paid,A087
P0431,C0453,PN000431,Vehicle,2024-01-01,2025-01-01,43692,753804,1478,Active,Annual,Paid,A049
P0432,C0458,PN000432,Property,2024-01-01,2025-01-01,31652,696153,7850,Active,Annual,Paid,A039
P0433,C0783,PN000433,Property,2024-01-01,2025-01-01,16310,871802,9790,Active,Annual,Paid,A056
P0434,C0627,PN000434,Vehicle,2024-01-01,2025-01-01,17532,178325,8622,Active,Annual,Paid,A049
P0435,C0687,PN000435,Life,2024-01-01,2025-01-01,20346,868317,7358,Active,Annual,Paid,A087
P0436,C0776,PN000436,Life,2024-01-01,2025-01-01,11779,229815,7365,Active,Annual,Paid,A010
P0437,C0023,PN000437,Property,2024-01-01,2025-01-01,41444,575527,7443,Active,Annual,Paid,A027
P0438,C0258,PN000438,Vehicle,2024-01-01,2025-01-01,30889,203198,9369,Active,Annual,Paid,A011
P0439,C0293,PN000439,Life,2024-01-01,2025-01-01,21615,558100,9699,Active,Annual,Paid,A058
P0440,C0474,PN000440,Life,2024-01-01,2025-01-01,26189,344892,6684,Active,Annual,Paid,A031
P0441,C0679,PN000441,Life,2024-01-01,2025-01-01,46590,629600,2957,Active,Annual,Paid,A003
P0442,C0773,PN000442,Life,2024-01-01,2025-01-01,24702,156896,1631,Active,Annual,Paid,A062
P0443,C0273,PN000443,Property,2024-01-01,2025-01-01,31596,287659,2314,Active,Annual,Paid,A070
P0444,C0343,PN000444,Health,2024-01-01,2025-01-01,25839,991030,5882,Active,Annual,Paid,A034
P0445,C0771,PN000445,Health,2024-01-01,2025-01-01,30214,571776,9224,Active,Annual,Paid,A030
P0446,C0377,PN000446,Life,2024-01-01,2025-01-01,36478,326666,9242,Active,Annual,Paid,A043
P0447,C0659,PN000447,Health,2024-01-01,2025-01-01,31458,528520,9861,Active,Annual,Paid,A046
P0448,C0680,PN000448,Property,2024-01-01,2025-01-01,6797,225045,6430,Active,Annual,Paid,A041
P0449,C0619,PN000449,Property,2024-01-01,2025-01-01,46040,949653,9663,Active,Annual,Paid,A058
P0450,C0109,PN000450,Vehicle,2024-01-01,2025-01-01,19201,100462,8278,Active,Annual,Paid,A034
P0451,C0555,PN000451,Health,2024-01-01,2025-01-01,13314,127707,1794,Active,Annual,Paid,A001
P0452,C0006,PN000452,Health,2024-01-01,2025-01-01,46585,580556,9006,Active,Annual,Paid,A079
P0453,C0749,PN000453,Life,2024-01-01,2025-01-01,32463,117753,4205,Active,Annual,Paid,A050
P0454,C0172,PN000454,Vehicle,2024-01-01,2025-01-01,43459,182457,4373,Active,Annual,Paid,A004
P0455,C0205,PN000455,Health,2024-01-01,2025-01-01,36126,434083,4912,Active,Annual,Paid,A031
P0456,C0603,PN000456,Property,2024-01-01,2025-01-01,30461,650228,9136,Active,Annual,Paid,A017
P0457,C0203,PN000457,Life,2024-01-01,2025-01-01,38974,781695,5619,Active,Annual,Paid,A052
P0458,C0777,PN000458,Vehicle,2024-01-01,2025-01-01,28599,129141,8037,Active,Annual,Paid,A029
P0459,C0279,PN000459,Health,2024-01-01,2025-01-01,27707,462725,3882,Active,Annual,Paid,A047
P0460,C0758,PN000460,Health,2024-01-01,2025-01-01,9779,933020,4702,Active,Annual,Paid,A053
P0461,C0240,PN000461,Health,2024-01-01,2025-01-01,19082,387714,3298,Active,Annual,Paid,A084
P0462,C0325,PN000462,Vehicle,2024-01-01,2025-01-01,48299,811982,1570,Active,Annual,Paid,A097
P0463,C0492,PN000463,Health,2024-01-01,2025-01-01,20818,908167,1330,Active,Annual,Paid,A025
P0464,C0527,PN000464,Life,2024-01-01,2025-01-01,5783,182744,8832,Active,Annual,Paid,A069
P0465,C0039,PN000465,Property,2024-01-01,2025-01-01,12284,769145,8050,Active,Annual,Paid,A066
P0466,C0416,PN000466,Life,2024-01-01,2025-01-01,36699,491716,6190,Active,Annual,Paid,A051
P0467,C0479,PN000467,Life,2024-01-01,2025-01-01,38593,254457,3651,Active,Annual,Paid,A098
P0468,C0121,PN000468,Vehicle,2024-01-01,2025-01-01,9578,309665,7506,Active,Annual,Paid,A055
P0469,C0781,PN000469,Life,2024-01-01,2025-01-01,38081,798485,8188,Active,Annual,Paid,A054
P0470,C0052,PN000470,Vehicle,2024-01-01,2025-01-01,42286,307952,6500,Active,Annual,Paid,A042
P0471,C0385,PN000471,Property,2024-01-01,2025-01-01,44257,929039,3459,Active,Annual,Paid,A035
P0472,C0554,PN000472,Vehicle,2024-01-01,2025-01-01,14971,877835,6589,Active,Annual,Paid,A051
P0473,C0595,PN000473,Vehicle,2024-01-01,2025-01-01,21004,979855,7204,Active,Annual,Paid,A092
P0474,C0711,PN000474,Property,2024-01-01,2025-01-01,48674,402905,3230,Active,Annual,Paid,A001
P0475,C0755,PN000475,Vehicle,2024-01-01,2025-01-01,27310,456712,5233,Active,Annual,Paid,A098
P0476,C0754,PN000476,Health,2024-01-01,2025-01-01,37853,177652,4940,Active,Annual,Paid,A007
P0477,C0416,PN000477,Vehicle,2024-01-01,2025-01-01,38847,722538,1597,Active,Annual,Paid,A074
P0478,C0541,PN000478,Vehicle,2024-01-01,2025-01-01,20719,631816,6626,Active,Annual,Paid,A026
P0479,C0445,PN000479,Health,2024-01-01,2025-01-01,47117,105194,8199,Active,Annual,Paid,A042
P0480,C0347,PN000480,Life,2024-01-01,2025-01-01,15567,875284,4709,Active,Annual,Paid,A093
P0481,C0511,PN000481,Property,2024-01-01,2025-01-01,7914,397048,8106,Active,Annual,Paid,A001
P0482,C0015,PN000482,Vehicle,2024-01-01,2025-01-01,13706,757167,7603,Active,Annual,Paid,A037
P0483,C0002,PN000483,Property,2024-01-01,2025-01-01,45827,823031,3304,Active,Annual,Paid,A055
P0484,C0207,PN000484,Health,2024-01-01,2025-01-01,25615,764572,9071,Active,Annual,Paid,A092
P0485,C0448,PN000485,Health,2024-01-01,2025-01-01,25659,470725,4411,Active,Annual,Paid,A098
P0486,C0080,PN000486,Property,2024-01-01,2025-01-01,13000,947842,7717,Active,Annual,Paid,A028
P0487,C0566,PN000487,Property,2024-01-01,2025-01-01,32547,551610,8497,Active,Annual,Paid,A018
P0488,C0492,PN000488,Vehicle,2024-01-01,2025-01-01,45315,549084,5050,Active,Annual,Paid,A080
P0489,C0689,PN000489,Health,2024-01-01,2025-01-01,25993,464941,4722,Active,Annual,Paid,A009
P0490,C0280,PN000490,Property,2024-01-01,2025-01-01,25594,798800,3740,Active,Annual,Paid,A082
P0491,C0353,PN000491,Vehicle,2024-01-01,2025-01-01,43906,832450,3059,Active,Annual,Paid,A031
P0492,C0504,PN000492,Vehicle,2024-01-01,2025-01-01,14321,816225,4664,Active,Annual,Paid,A021
P0493,C0548,PN000493,Property,2024-01-01,2025-01-01,29570,454423,8858,Active,Annual,Paid,A005
P0494,C0568,PN000494,Life,2024-01-01,2025-01-01,19894,593009,7743,Active,Annual,Paid,A048
P0495,C0475,PN000495,Health,2024-01-01,2025-01-01,49295,252531,4250,Active,Annual,Paid,A031
P0496,C0155,PN000496,Vehicle,2024-01-01,2025-01-01,13311,454056,7726,Active,Annual,Paid,A078
P0497,C0465,PN000497,Property,2024-01-01,2025-01-01,35680,206712,4082,Active,Annual,Paid,A081
P0498,C0004,PN000498,Property,2024-01-01,2025-01-01,37705,311824,8400,Active,Annual,Paid,A059
P0499,C0644,PN000499,Vehicle,2024-01-01,2025-01-01,35421,413907,1827,Active,Annual,Paid,A010
P0500,C0387,PN000500,Life,2024-01-01,2025-01-01,16311,279074,8199,Active,Annual,Paid,A097
P0501,C0313,PN000501,Life,2024-01-01,2025-01-01,6230,602809,8768,Active,Annual,Paid,A088
P0502,C0301,PN000502,Property,2024-01-01,2025-01-01,25731,197801,2313,Active,Annual,Paid,A047
P0503,C0494,PN000503,Vehicle,2024-01-01,2025-01-01,34976,793693,7976,Active,Annual,Paid,A072
P0504,C0197,PN000504,Life,2024-01-01,2025-01-01,23358,855598,3236,Active,Annual,Paid,A093
P0505,C0269,PN000505,Life,2024-01-01,2025-01-01,5601,748514,2398,Active,Annual,Paid,A050
P0506,C0453,PN000506,Property,2024-01-01,2025-01-01,27657,859517,8942,Active,Annual,Paid,A070
P0507,C0292,PN000507,Life,2024-01-01,2025-01-01,12491,101083,1791,Active,Annual,Paid,A050
P0508,C0023,PN000508,Health,2024-01-01,2025-01-01,22155,266813,1670,Active,Annual,Paid,A019
P0509,C0504,PN000509,Property,2024-01-01,2025-01-01,43321,531734,6203,Active,Annual,Paid,A097
P0510,C0407,PN000510,Vehicle,2024-01-01,2025-01-01,14917,728642,1397,Active,Annual,Paid,A065
P0511,C0431,PN000511,Life,2024-01-01,2025-01-01,38144,521057,4776,Active,Annual,Paid,A082
P0512,C0242,PN000512,Vehicle,2024-01-01,2025-01-01,36976,299303,6524,Active,Annual,Paid,A028
P0513,C0039,PN000513,Health,2024-01-01,2025-01-01,16590,795651,1082,Active,Annual,Paid,A024
P0514,C0443,PN000514,Health,2024-01-01,2025-01-01,48817,558638,4378,Active,Annual,Paid,A040
P0515,C0200,PN000515,Health,2024-01-01,2025-01-01,38580,724825,9462,Active,Annual,Paid,A063
P0516,C0607,PN000516,Life,2024-01-01,2025-01-01,49538,896913,4770,Active,Annual,Paid,A090
P0517,C0098,PN000517,Health,2024-01-01,2025-01-01,37505,542224,4440,Active,Annual,Paid,A043
P0518,C0234,PN000518,Vehicle,2024-01-01,2025-01-01,15405,252211,9908,Active,Annual,Paid,A060
P0519,C0166,PN000519,Life,2024-01-01,2025-01-01,11320,351116,5755,Active,Annual,Paid,A059
P0520,C0633,PN000520,Property,2024-01-01,2025-01-01,34367,802029,1080,Active,Annual,Paid,A055
P0521,C0416,PN000521,Property,2024-01-01,2025-01-01,39512,364193,7365,Active,Annual,Paid,A019
P0522,C0630,PN000522,Life,2024-01-01,2025-01-01,33097,939855,8897,Active,Annual,Paid,A047
P0523,C0737,PN000523,Health,2024-01-01,2025-01-01,26743,900386,2627,Active,Annual,Paid,A078
P0524,C0172,PN000524,Life,2024-01-01,2025-01-01,48471,647257,9548,Active,Annual,Paid,A020
P0525,C0732,PN000525,Vehicle,2024-01-01,2025-01-01,10700,895411,8368,Active,Annual,Paid,A092
P0526,C0510,PN000526,Health,2024-01-01,2025-01-01,38887,665008,8819,Active,Annual,Paid,A053
P0527,C0788,PN000527,Property,2024-01-01,2025-01-01,28766,424746,5916,Active,Annual,Paid,A050
P0528,C0459,PN000528,Property,2024-01-01,2025-01-01,24722,375433,8795,Active,Annual,Paid,A061
P0529,C0776,PN000529,Life,2024-01-01,2025-01-01,19333,791865,9558,Active,Annual,Paid,A032
P0530,C0551,PN000530,Property,2024-01-01,2025-01-01,24863,959692,2886,Active,Annual,Paid,A072
P0531,C0562,PN000531,Life,2024-01-01,2025-01-01,30275,800579,8726,Active,Annual,Paid,A006
P0532,C0109,PN000532,Health,2024-01-01,2025-01-01,35571,450333,5670,Active,Annual,Paid,A010
P0533,C0395,PN000533,Life,2024-01-01,2025-01-01,18296,614378,2083,Active,Annual,Paid,A009
P0534,C0082,PN000534,Life,2024-01-01,2025-01-01,26737,796210,5951,Active,Annual,Paid,A058
P0535,C0124,PN000535,Property,2024-01-01,2025-01-01,8619,993500,4576,Active,Annual,Paid,A097
P0536,C0781,PN000536,Property,2024-01-01,2025-01-01,36130,224078,5709,Active,Annual,Paid,A088
P0537,C0368,PN000537,Health,2024-01-01,2025-01-01,36459,263332,8143,Active,Annual,Paid,A032
P0538,C0055,PN000538,Health,2024-01-01,2025-01-01,7337,199677,5529,Active,Annual,Paid,A006
P0539,C0708,PN000539,Health,2024-01-01,2025-01-01,18602,203078,5266,Active,Annual,Paid,A079
P0540,C0590,PN000540,Health,2024-01-01,2025-01-01,24004,743595,3728,Active,Annual,Paid,A003
P0541,C0752,PN000541,Property,2024-01-01,2025-01-01,13818,294601,4302,Active,Annual,Paid,A090
P0542,C0195,PN000542,Property,2024-01-01,2025-01-01,47956,745601,2485,Active,Annual,Paid,A051
P0543,C0071,PN000543,Vehicle,2024-01-01,2025-01-01,36377,461711,5279,Active,Annual,Paid,A086
P0544,C0034,PN000544,Vehicle,2024-01-01,2025-01-01,45538,651968,3902,Active,Annual,Paid,A034
P0545,C0534,PN000545,Vehicle,2024-01-01,2025-01-01,35417,264532,8075,Active,Annual,Paid,A072
P0546,C0709,PN000546,Vehicle,2024-01-01,2025-01-01,42619,345965,1001,Active,Annual,Paid,A054
P0547,C0299,PN000547,Health,2024-01-01,2025-01-01,44545,161703,3826,Active,Annual,Paid,A073
P0548,C0412,PN000548,Vehicle,2024-01-01,2025-01-01,48397,640690,4571,Active,Annual,Paid,A057
P0549,C0747,PN000549,Property,2024-01-01,2025-01-01,17966,208641,3077,Active,Annual,Paid,A071
P0550,C0561,PN000550,Life,2024-01-01,2025-01-01,24440,941894,1426,Active,Annual,Paid,A014
P0551,C0561,PN000551,Life,2024-01-01,2025-01-01,25709,805681,5650,Active,Annual,Paid,A086
P0552,C0533,PN000552,Health,2024-01-01,2025-01-01,26432,119613,1082,Active,Annual,Paid,A068
P0553,C0395,PN000553,Vehicle,2024-01-01,2025-01-01,49390,747666,7214,Active,Annual,Paid,A059
P0554,C0221,PN000554,Health,2024-01-01,2025-01-01,18051,878878,3400,Active,Annual,Paid,A073
P0555,C0500,PN000555,Health,2024-01-01,2025-01-01,28964,509265,7731,Active,Annual,Paid,A083
P0556,C0177,PN000556,Vehicle,2024-01-01,2025-01-01,16422,651166,3880,Active,Annual,Paid,A062
P0557,C0476,PN000557,Health,2024-01-01,2025-01-01,45494,681155,4457,Active,Annual,Paid,A091
P0558,C0021,PN000558,Life,2024-01-01,2025-01-01,6807,480999,2429,Active,Annual,Paid,A073
P0559,C0322,PN000559,Life,2024-01-01,2025-01-01,43027,597495,8071,Active,Annual,Paid,A054
P0560,C0637,PN000560,Health,2024-01-01,2025-01-01,47130,396405,8761,Active,Annual,Paid,A033
P0561,C0684,PN000561,Property,2024-01-01,2025-01-01,20218,590530,5943,Active,Annual,Paid,A063
P0562,C0303,PN000562,Property,2024-01-01,2025-01-01,9083,199466,4250,Active,Annual,Paid,A017
P0563,C0512,PN000563,Health,2024-01-01,2025-01-01,32521,415661,3856,Active,Annual,Paid,A032
P0564,C0138,PN000564,Life,2024-01-01,2025-01-01,46754,135581,4873,Active,Annual,Paid,A093
P0565,C0665,PN000565,Life,2024-01-01,2025-01-01,42247,227220,5122,Active,Annual,Paid,A047
P0566,C0346,PN000566,Property,2024-01-01,2025-01-01,8640,739043,2820,Active,Annual,Paid,A093
P0567,C0574,PN000567,Vehicle,2024-01-01,2025-01-01,15675,714794,7436,Active,Annual,Paid,A076
P0568,C0015,PN000568,Life,2024-01-01,2025-01-01,21067,188907,9464,Active,Annual,Paid,A028
P0569,C0204,PN000569,Vehicle,2024-01-01,2025-01-01,43980,635302,9013,Active,Annual,Paid,A071
P0570,C0132,PN000570,Health,2024-01-01,2025-01-01,29361,543280,2758,Active,Annual,Paid,A053
P0571,C0137,PN000571,Property,2024-01-01,2025-01-01,26091,215197,8486,Active,Annual,Paid,A064
P0572,C0554,PN000572,Life,2024-01-01,2025-01-01,5215,590562,7013,Active,Annual,Paid,A056
P0573,C0014,PN000573,Life,2024-01-01,2025-01-01,15054,516792,6518,Active,Annual,Paid,A037
P0574,C0558,PN000574,Health,2024-01-01,2025-01-01,26647,647714,7167,Active,Annual,Paid,A064
P0575,C0053,PN000575,Health,2024-01-01,2025-01-01,38244,577188,9082,Active,Annual,Paid,A069
P0576,C0796,PN000576,Vehicle,2024-01-01,2025-01-01,21318,722356,2716,Active,Annual,Paid,A085
P0577,C0800,PN000577,Health,2024-01-01,2025-01-01,17956,772718,3117,Active,Annual,Paid,A044
P0578,C0231,PN000578,Life,2024-01-01,2025-01-01,23012,756523,3539,Active,Annual,Paid,A088
P0579,C0057,PN000579,Life,2024-01-01,2025-01-01,24192,393243,7827,Active,Annual,Paid,A053
P0580,C0081,PN000580,Health,2024-01-01,2025-01-01,23030,209603,5828,Active,Annual,Paid,A068
P0581,C0061,PN000581,Vehicle,2024-01-01,2025-01-01,22715,774673,1719,Active,Annual,Paid,A077
P0582,C0115,PN000582,Vehicle,2024-01-01,2025-01-01,6013,338951,1161,Active,Annual,Paid,A061
P0583,C0749,PN000583,Property,2024-01-01,2025-01-01,18178,702717,8862,Active,Annual,Paid,A060
P0584,C0788,PN000584,Vehicle,2024-01-01,2025-01-01,27551,642744,1742,Active,Annual,Paid,A093
P0585,C0354,PN000585,Vehicle,2024-01-01,2025-01-01,12990,333475,5552,Active,Annual,Paid,A085
P0586,C0644,PN000586,Vehicle,2024-01-01,2025-01-01,10487,887567,1854,Active,Annual,Paid,A076
P0587,C0572,PN000587,Vehicle,2024-01-01,2025-01-01,11618,873071,3407,Active,Annual,Paid,A059
P0588,C0715,PN000588,Vehicle,2024-01-01,2025-01-01,34134,919695,3236,Active,Annual,Paid,A002
P0589,C0022,PN000589,Property,2024-01-01,2025-01-01,11030,918543,6019,Active,Annual,Paid,A007
P0590,C0406,PN000590,Life,2024-01-01,2025-01-01,24497,631530,7096,Active,Annual,Paid,A069
P0591,C0731,PN000591,Vehicle,2024-01-01,2025-01-01,46988,161748,1080,Active,Annual,Paid,A010
P0592,C0272,PN000592,Life,2024-01-01,2025-01-01,28945,568449,9442,Active,Annual,Paid,A010
P0593,C0261,PN000593,Vehicle,2024-01-01,2025-01-01,40327,139679,4230,Active,Annual,Paid,A022
P0594,C0546,PN000594,Property,2024-01-01,2025-01-01,21416,942263,7187,Active,Annual,Paid,A077
P0595,C0553,PN000595,Vehicle,2024-01-01,2025-01-01,23460,859379,6892,Active,Annual,Paid,A089
P0596,C0102,PN000596,Vehicle,2024-01-01,2025-01-01,21778,221130,8831,Active,Annual,Paid,A091
P0597,C0430,PN000597,Life,2024-01-01,2025-01-01,40695,476252,8645,Active,Annual,Paid,A051
P0598,C0767,PN000598,Life,2024-01-01,2025-01-01,32451,347385,9642,Active,Annual,Paid,A088
P0599,C0379,PN000599,Vehicle,2024-01-01,2025-01-01,16092,278746,3384,Active,Annual,Paid,A074
P0600,C0085,PN000600,Vehicle,2024-01-01,2025-01-01,18528,547899,2297,Active,Annual,Paid,A047
P0601,C0109,PN000601,Life,2024-01-01,2025-01-01,17773,600151,7176,Active,Annual,Paid,A100
P0602,C0392,PN000602,Life,2024-01-01,2025-01-01,29684,714983,7068,Active,Annual,Paid,A023
P0603,C0230,PN000603,Property,2024-01-01,2025-01-01,12628,924380,2827,Active,Annual,Paid,A021
P0604,C0434,PN000604,Property,2024-01-01,2025-01-01,9369,689598,7431,Active,Annual,Paid,A049
P0605,C0159,PN000605,Vehicle,2024-01-01,2025-01-01,9317,827342,8332,Active,Annual,Paid,A068
P0606,C0066,PN000606,Vehicle,2024-01-01,2025-01-01,16023,498252,5465,Active,Annual,Paid,A095
P0607,C0145,PN000607,Vehicle,2024-01-01,2025-01-01,41792,672081,6586,Active,Annual,Paid,A070
P0608,C0343,PN000608,Life,2024-01-01,2025-01-01,14890,228711,6661,Active,Annual,Paid,A098
P0609,C0727,PN000609,Vehicle,2024-01-01,2025-01-01,9038,369002,3965,Active,Annual,Paid,A029
P0610,C0141,PN000610,Vehicle,2024-01-01,2025-01-01,41042,112302,9677,Active,Annual,Paid,A027
P0611,C0540,PN000611,Health,2024-01-01,2025-01-01,40619,403566,6497,Active,Annual,Paid,A058
P0612,C0208,PN000612,Life,2024-01-01,2025-01-01,16875,615347,7816,Active,Annual,Paid,A094
P0613,C0780,PN000613,Health,2024-01-01,2025-01-01,33523,338960,6878,Active,Annual,Paid,A027
P0614,C0541,PN000614,Life,2024-01-01,2025-01-01,6328,634624,6749,Active,Annual,Paid,A091
P0615,C0586,PN000615,Vehicle,2024-01-01,2025-01-01,8671,870357,9039,Active,Annual,Paid,A014
P0616,C0696,PN000616,Health,2024-01-01,2025-01-01,36712,669228,7519,Active,Annual,Paid,A037
P0617,C0730,PN000617,Property,2024-01-01,2025-01-01,40688,652243,6955,Active,Annual,Paid,A049
P0618,C0047,PN000618,Life,2024-01-01,2025-01-01,40414,958469,8348,Active,Annual,Paid,A036
P0619,C0194,PN000619,Vehicle,2024-01-01,2025-01-01,48983,704799,5675,Active,Annual,Paid,A001
P0620,C0184,PN000620,Life,2024-01-01,2025-01-01,24428,728900,6891,Active,Annual,Paid,A061
P0621,C0657,PN000621,Property,2024-01-01,2025-01-01,23450,642771,9569,Active,Annual,Paid,A039
P0622,C0590,PN000622,Vehicle,2024-01-01,2025-01-01,25835,901995,5995,Active,Annual,Paid,A009
P0623,C0778,PN000623,Vehicle,2024-01-01,2025-01-01,5621,992665,4629,Active,Annual,Paid,A043
P0624,C0530,PN000624,Vehicle,2024-01-01,2025-01-01,10817,211343,9736,Active,Annual,Paid,A039
P0625,C0772,PN000625,Property,2024-01-01,2025-01-01,15663,541286,3861,Active,Annual,Paid,A096
P0626,C0211,PN000626,Vehicle,2024-01-01,2025-01-01,46881,727807,6524,Active,Annual,Paid,A040
P0627,C0718,PN000627,Property,2024-01-01,2025-01-01,9447,468021,5408,Active,Annual,Paid,A060
P0628,C0671,PN000628,Vehicle,2024-01-01,2025-01-01,10899,891525,6382,Active,Annual,Paid,A089
P0629,C0199,PN000629,Life,2024-01-01,2025-01-01,22346,513087,6541,Active,Annual,Paid,A099
P0630,C0212,PN000630,Property,2024-01-01,2025-01-01,18572,909090,8074,Active,Annual,Paid,A074
P0631,C0796,PN000631,Life,2024-01-01,2025-01-01,27567,629667,2941,Active,Annual,Paid,A073
P0632,C0345,PN000632,Property,2024-01-01,2025-01-01,21532,893877,5834,Active,Annual,Paid,A004
P0633,C0674,PN000633,Life,2024-01-01,2025-01-01,38051,296133,3433,Active,Annual,Paid,A059
P0634,C0510,PN000634,Health,2024-01-01,2025-01-01,26182,900385,8570,Active,Annual,Paid,A043
P0635,C0243,PN000635,Health,2024-01-01,2025-01-01,33736,663559,3632,Active,Annual,Paid,A053
P0636,C0227,PN000636,Vehicle,2024-01-01,2025-01-01,44038,514362,2641,Active,Annual,Paid,A082
P0637,C0693,PN000637,Vehicle,2024-01-01,2025-01-01,48006,982272,6668,Active,Annual,Paid,A020
P0638,C0021,PN000638,Property,2024-01-01,2025-01-01,34117,654110,3293,Active,Annual,Paid,A056
P0639,C0481,PN000639,Vehicle,2024-01-01,2025-01-01,6777,502178,5612,Active,Annual,Paid,A072
P0640,C0572,PN000640,Health,2024-01-01,2025-01-01,49900,156469,7457,Active,Annual,Paid,A062
P0641,C0299,PN000641,Property,2024-01-01,2025-01-01,46555,910657,3992,Active,Annual,Paid,A011
P0642,C0752,PN000642,Vehicle,2024-01-01,2025-01-01,7340,685177,4977,Active,Annual,Paid,A089
P0643,C0167,PN000643,Vehicle,2024-01-01,2025-01-01,32587,446094,3419,Active,Annual,Paid,A003
P0644,C0269,PN000644,Life,2024-01-01,2025-01-01,10649,101389,5962,Active,Annual,Paid,A004
P0645,C0221,PN000645,Life,2024-01-01,2025-01-01,41027,492771,4601,Active,Annual,Paid,A018
P0646,C0721,PN000646,Vehicle,2024-01-01,2025-01-01,48618,407462,6355,Active,Annual,Paid,A030
P0647,C0317,PN000647,Health,2024-01-01,2025-01-01,29525,919845,5713,Active,Annual,Paid,A006
P0648,C0047,PN000648,Health,2024-01-01,2025-01-01,36150,891756,8698,Active,Annual,Paid,A063
P0649,C0250,PN000649,Life,2024-01-01,2025-01-01,22232,775788,6426,Active,Annual,Paid,A023
P0650,C0161,PN000650,Health,2024-01-01,2025-01-01,38747,692323,8989,Active,Annual,Paid,A064
P0651,C0347,PN000651,Health,2024-01-01,2025-01-01,31169,859845,1702,Active,Annual,Paid,A023
P0652,C0228,PN000652,Property,2024-01-01,2025-01-01,15897,673625,9315,Active,Annual,Paid,A007
P0653,C0790,PN000653,Vehicle,2024-01-01,2025-01-01,7733,982714,9215,Active,Annual,Paid,A007
P0654,C0370,PN000654,Life,2024-01-01,2025-01-01,45030,677896,3083,Active,Annual,Paid,A008
P0655,C0231,PN000655,Life,2024-01-01,2025-01-01,32679,152085,6331,Active,Annual,Paid,A030
P0656,C0130,PN000656,Health,2024-01-01,2025-01-01,19747,634456,4948,Active,Annual,Paid,A065
P0657,C0586,PN000657,Life,2024-01-01,2025-01-01,14655,332726,5347,Active,Annual,Paid,A009
P0658,C0521,PN000658,Life,2024-01-01,2025-01-01,5100,991259,3124,Active,Annual,Paid,A063
P0659,C0785,PN000659,Life,2024-01-01,2025-01-01,34099,534630,6444,Active,Annual,Paid,A082
P0660,C0639,PN000660,Vehicle,2024-01-01,2025-01-01,18548,640592,7052,Active,Annual,Paid,A014
P0661,C0586,PN000661,Vehicle,2024-01-01,2025-01-01,34408,584418,6972,Active,Annual,Paid,A085
P0662,C0429,PN000662,Property,2024-01-01,2025-01-01,33548,750588,5426,Active,Annual,Paid,A013
P0663,C0618,PN000663,Health,2024-01-01,2025-01-01,5507,469792,7154,Active,Annual,Paid,A066
P0664,C0102,PN000664,Life,2024-01-01,2025-01-01,17151,144101,2672,Active,Annual,Paid,A025
P0665,C0583,PN000665,Property,2024-01-01,2025-01-01,48621,119751,9890,Active,Annual,Paid,A003
P0666,C0231,PN000666,Vehicle,2024-01-01,2025-01-01,22671,503229,2583,Active,Annual,Paid,A059
P0667,C0100,PN000667,Health,2024-01-01,2025-01-01,41665,430982,4940,Active,Annual,Paid,A007
P0668,C0515,PN000668,Property,2024-01-01,2025-01-01,35697,256279,6487,Active,Annual,Paid,A028
P0669,C0056,PN000669,Health,2024-01-01,2025-01-01,19362,207026,6177,Active,Annual,Paid,A056
P0670,C0130,PN000670,Property,2024-01-01,2025-01-01,7588,391804,2257,Active,Annual,Paid,A050
P0671,C0800,PN000671,Health,2024-01-01,2025-01-01,24329,287951,2079,Active,Annual,Paid,A029
P0672,C0646,PN000672,Health,2024-01-01,2025-01-01,18031,462344,2116,Active,Annual,Paid,A005
P0673,C0594,PN000673,Property,2024-01-01,2025-01-01,20011,713698,2034,Active,Annual,Paid,A056
P0674,C0030,PN000674,Health,2024-01-01,2025-01-01,46672,862104,5288,Active,Annual,Paid,A040
P0675,C0082,PN000675,Property,2024-01-01,2025-01-01,27838,399283,5908,Active,Annual,Paid,A030
P0676,C0716,PN000676,Property,2024-01-01,2025-01-01,43099,646764,5589,Active,Annual,Paid,A035
P0677,C0534,PN000677,Life,2024-01-01,2025-01-01,25925,876117,7446,Active,Annual,Paid,A011
P0678,C0066,PN000678,Health,2024-01-01,2025-01-01,16697,136156,2276,Active,Annual,Paid,A076
P0679,C0137,PN000679,Property,2024-01-01,2025-01-01,27151,331256,2682,Active,Annual,Paid,A051
P0680,C0234,PN000680,Health,2024-01-01,2025-01-01,26857,339493,7446,Active,Annual,Paid,A019
P0681,C0119,PN000681,Life,2024-01-01,2025-01-01,8744,370116,9567,Active,Annual,Paid,A056
P0682,C0117,PN000682,Vehicle,2024-01-01,2025-01-01,7470,522746,5124,Active,Annual,Paid,A025
P0683,C0697,PN000683,Vehicle,2024-01-01,2025-01-01,41857,233875,5382,Active,Annual,Paid,A054
P0684,C0585,PN000684,Life,2024-01-01,2025-01-01,28790,176197,8415,Active,Annual,Paid,A003
P0685,C0187,PN000685,Property,2024-01-01,2025-01-01,21906,392405,6310,Active,Annual,Paid,A080
P0686,C0670,PN000686,Vehicle,2024-01-01,2025-01-01,10908,470667,8704,Active,Annual,Paid,A060
P0687,C0709,PN000687,Life,2024-01-01,2025-01-01,44930,238656,5913,Active,Annual,Paid,A048
P0688,C0704,PN000688,Health,2024-01-01,2025-01-01,32376,205468,2127,Active,Annual,Paid,A089
P0689,C0670,PN000689,Property,2024-01-01,2025-01-01,37877,702585,8415,Active,Annual,Paid,A078
P0690,C0205,PN000690,Life,2024-01-01,2025-01-01,38440,559502,4257,Active,Annual,Paid,A035
P0691,C0265,PN000691,Health,2024-01-01,2025-01-01,13886,291915,9989,Active,Annual,Paid,A061
P0692,C0245,PN000692,Life,2024-01-01,2025-01-01,13676,971510,2065,Active,Annual,Paid,A044
P0693,C0517,PN000693,Vehicle,2024-01-01,2025-01-01,47406,261899,7853,Active,Annual,Paid,A100
P0694,C0029,PN000694,Vehicle,2024-01-01,2025-01-01,49264,920181,1088,Active,Annual,Paid,A018
P0695,C0350,PN000695,Life,2024-01-01,2025-01-01,35178,453817,8822,Active,Annual,Paid,A028
P0696,C0088,PN000696,Vehicle,2024-01-01,2025-01-01,20881,586969,2190,Active,Annual,Paid,A075
P0697,C0770,PN000697,Life,2024-01-01,2025-01-01,44067,941862,4812,Active,Annual,Paid,A088
P0698,C0393,PN000698,Life,2024-01-01,2025-01-01,41051,775967,7353,Active,Annual,Paid,A008
P0699,C0110,PN000699,Health,2024-01-01,2025-01-01,38917,723032,5765,Active,Annual,Paid,A053
P0700,C0560,PN000700,Health,2024-01-01,2025-01-01,23342,888444,2009,Active,Annual,Paid,A087
P0701,C0287,PN000701,Property,2024-01-01,2025-01-01,45172,507298,8098,Active,Annual,Paid,A027
P0702,C0249,PN000702,Vehicle,2024-01-01,2025-01-01,10808,127009,2565,Active,Annual,Paid,A047
P0703,C0322,PN000703,Vehicle,2024-01-01,2025-01-01,44710,264909,8381,Active,Annual,Paid,A026
P0704,C0362,PN000704,Property,2024-01-01,2025-01-01,28762,544089,1138,Active,Annual,Paid,A039
P0705,C0628,PN000705,Health,2024-01-01,2025-01-01,12249,722924,7151,Active,Annual,Paid,A055
P0706,C0481,PN000706,Health,2024-01-01,2025-01-01,11033,150162,9239,Active,Annual,Paid,A060
P0707,C0697,PN000707,Vehicle,2024-01-01,2025-01-01,38857,442700,3892,Active,Annual,Paid,A041
P0708,C0483,PN000708,Health,2024-01-01,2025-01-01,41113,458111,4403,Active,Annual,Paid,A096
P0709,C0125,PN000709,Vehicle,2024-01-01,2025-01-01,45607,676310,4763,Active,Annual,Paid,A100
P0710,C0371,PN000710,Health,2024-01-01,2025-01-01,35560,507701,9741,Active,Annual,Paid,A024
P0711,C0355,PN000711,Life,2024-01-01,2025-01-01,24903,666826,5784,Active,Annual,Paid,A081
P0712,C0466,PN000712,Vehicle,2024-01-01,2025-01-01,38646,363738,6162,Active,Annual,Paid,A017
P0713,C0328,PN000713,Life,2024-01-01,2025-01-01,10294,626053,4871,Active,Annual,Paid,A041
P0714,C0059,PN000714,Health,2024-01-01,2025-01-01,31697,507682,5762,Active,Annual,Paid,A011
P0715,C0042,PN000715,Life,2024-01-01,2025-01-01,36755,547037,6315,Active,Annual,Paid,A091
P0716,C0488,PN000716,Property,2024-01-01,2025-01-01,37406,670449,2718,Active,Annual,Paid,A065
P0717,C0503,PN000717,Health,2024-01-01,2025-01-01,49485,641595,7124,Active,Annual,Paid,A031
P0718,C0264,PN000718,Vehicle,2024-01-01,2025-01-01,31342,367055,2119,Active,Annual,Paid,A097
P0719,C0652,PN000719,Property,2024-01-01,2025-01-01,33532,363512,5582,Active,Annual,Paid,A091
P0720,C0503,PN000720,Vehicle,2024-01-01,2025-01-01,28571,871707,6170,Active,Annual,Paid,A036
P0721,C0366,PN000721,Vehicle,2024-01-01,2025-01-01,49158,607933,6214,Active,Annual,Paid,A010
P0722,C0025,PN000722,Life,2024-01-01,2025-01-01,49386,437743,6050,Active,Annual,Paid,A096
P0723,C0696,PN000723,Property,2024-01-01,2025-01-01,10941,307672,9526,Active,Annual,Paid,A083
P0724,C0758,PN000724,Life,2024-01-01,2025-01-01,35572,762552,8969,Active,Annual,Paid,A091
P0725,C0591,PN000725,Health,2024-01-01,2025-01-01,38499,120806,4252,Active,Annual,Paid,A050
P0726,C0641,PN000726,Vehicle,2024-01-01,2025-01-01,26026,166645,1900,Active,Annual,Paid,A028
P0727,C0209,PN000727,Life,2024-01-01,2025-01-01,16119,287511,5609,Active,Annual,Paid,A085
P0728,C0031,PN000728,Vehicle,2024-01-01,2025-01-01,21626,803365,1876,Active,Annual,Paid,A081
P0729,C0254,PN000729,Life,2024-01-01,2025-01-01,11095,172727,5998,Active,Annual,Paid,A001
P0730,C0717,PN000730,Property,2024-01-01,2025-01-01,13869,874001,8187,Active,Annual,Paid,A029
P0731,C0748,PN000731,Health,2024-01-01,2025-01-01,13024,980169,2070,Active,Annual,Paid,A050
P0732,C0650,PN000732,Health,2024-01-01,2025-01-01,39514,415154,2261,Active,Annual,Paid,A004
P0733,C0262,PN000733,Property,2024-01-01,2025-01-01,43806,766336,2844,Active,Annual,Paid,A080
P0734,C0350,PN000734,Life,2024-01-01,2025-01-01,36635,647943,6188,Active,Annual,Paid,A074
P0735,C0126,PN000735,Health,2024-01-01,2025-01-01,7768,339062,8957,Active,Annual,Paid,A071
P0736,C0487,PN000736,Vehicle,2024-01-01,2025-01-01,30270,699126,8723,Active,Annual,Paid,A095
P0737,C0378,PN000737,Life,2024-01-01,2025-01-01,21448,659631,4118,Active,Annual,Paid,A004
P0738,C0278,PN000738,Vehicle,2024-01-01,2025-01-01,45519,663100,9217,Active,Annual,Paid,A076
P0739,C0206,PN000739,Health,2024-01-01,2025-01-01,23396,343953,9552,Active,Annual,Paid,A038
P0740,C0796,PN000740,Property,2024-01-01,2025-01-01,33330,256366,4924,Active,Annual,Paid,A016
P0741,C0372,PN000741,Property,2024-01-01,2025-01-01,25050,694190,3416,Active,Annual,Paid,A026
P0742,C0615,PN000742,Property,2024-01-01,2025-01-01,30632,588673,1080,Active,Annual,Paid,A072
P0743,C0427,PN000743,Health,2024-01-01,2025-01-01,33520,463969,1432,Active,Annual,Paid,A015
P0744,C0407,PN000744,Vehicle,2024-01-01,2025-01-01,20009,741537,9887,Active,Annual,Paid,A075
P0745,C0073,PN000745,Health,2024-01-01,2025-01-01,44435,124399,7314,Active,Annual,Paid,A039
P0746,C0622,PN000746,Life,2024-01-01,2025-01-01,29690,776939,9722,Active,Annual,Paid,A082
P0747,C0502,PN000747,Health,2024-01-01,2025-01-01,14029,891204,6472,Active,Annual,Paid,A097
P0748,C0071,PN000748,Life,2024-01-01,2025-01-01,39442,239761,5596,Active,Annual,Paid,A087
P0749,C0550,PN000749,Vehicle,2024-01-01,2025-01-01,48639,638345,3585,Active,Annual,Paid,A099
P0750,C0689,PN000750,Vehicle,2024-01-01,2025-01-01,46062,103014,3137,Active,Annual,Paid,A083
P0751,C0634,PN000751,Property,2024-01-01,2025-01-01,21155,765272,1082,Active,Annual,Paid,A036
P0752,C0353,PN000752,Life,2024-01-01,2025-01-01,13910,440982,4728,Active,Annual,Paid,A070
P0753,C0091,PN000753,Property,2024-01-01,2025-01-01,29713,596178,4525,Active,Annual,Paid,A022
P0754,C0436,PN000754,Life,2024-01-01,2025-01-01,31756,912789,7734,Active,Annual,Paid,A054
P0755,C0119,PN000755,Vehicle,2024-01-01,2025-01-01,41264,226855,2018,Active,Annual,Paid,A047
P0756,C0495,PN000756,Property,2024-01-01,2025-01-01,43573,993728,7986,Active,Annual,Paid,A035
P0757,C0721,PN000757,Vehicle,2024-01-01,2025-01-01,16432,323742,3893,Active,Annual,Paid,A025
P0758,C0483,PN000758,Property,2024-01-01,2025-01-01,45406,277966,2223,Active,Annual,Paid,A087
P0759,C0713,PN000759,Life,2024-01-01,2025-01-01,40079,217132,7921,Active,Annual,Paid,A051
P0760,C0696,PN000760,Health,2024-01-01,2025-01-01,21649,863547,6933,Active,Annual,Paid,A059
P0761,C0235,PN000761,Health,2024-01-01,2025-01-01,13699,874091,9986,Active,Annual,Paid,A052
P0762,C0488,PN000762,Health,2024-01-01,2025-01-01,26603,951331,7922,Active,Annual,Paid,A080
P0763,C0355,PN000763,Vehicle,2024-01-01,2025-01-01,10035,482693,2323,Active,Annual,Paid,A046
P0764,C0058,PN000764,Vehicle,2024-01-01,2025-01-01,24008,764249,3655,Active,Annual,Paid,A005
P0765,C0734,PN000765,Vehicle,2024-01-01,2025-01-01,13584,889310,7379,Active,Annual,Paid,A027
P0766,C0407,PN000766,Property,2024-01-01,2025-01-01,9727,714529,7410,Active,Annual,Paid,A043
P0767,C0366,PN000767,Vehicle,2024-01-01,2025-01-01,46788,226966,4804,Active,Annual,Paid,A019
P0768,C0323,PN000768,Property,2024-01-01,2025-01-01,39031,501036,6706,Active,Annual,Paid,A082
P0769,C0789,PN000769,Vehicle,2024-01-01,2025-01-01,38412,237272,3927,Active,Annual,Paid,A094
P0770,C0181,PN000770,Life,2024-01-01,2025-01-01,20452,338544,8794,Active,Annual,Paid,A035
P0771,C0160,PN000771,Vehicle,2024-01-01,2025-01-01,27916,253207,5426,Active,Annual,Paid,A098
P0772,C0617,PN000772,Life,2024-01-01,2025-01-01,15059,154828,5437,Active,Annual,Paid,A060
P0773,C0301,PN000773,Vehicle,2024-01-01,2025-01-01,11193,870394,6470,Active,Annual,Paid,A038
P0774,C0685,PN000774,Vehicle,2024-01-01,2025-01-01,10384,762829,5637,Active,Annual,Paid,A096
P0775,C0633,PN000775,Life,2024-01-01,2025-01-01,37416,446645,6500,Active,Annual,Paid,A037
P0776,C0430,PN000776,Health,2024-01-01,2025-01-01,7411,825306,5917,Active,Annual,Paid,A058
P0777,C0044,PN000777,Property,2024-01-01,2025-01-01,13981,653060,5815,Active,Annual,Paid,A050
P0778,C0727,PN000778,Property,2024-01-01,2025-01-01,36683,808128,7607,Active,Annual,Paid,A015
P0779,C0128,PN000779,Health,2024-01-01,2025-01-01,49876,169722,7840,Active,Annual,Paid,A063
P0780,C0462,PN000780,Vehicle,2024-01-01,2025-01-01,41221,741533,5414,Active,Annual,Paid,A040
P0781,C0768,PN000781,Life,2024-01-01,2025-01-01,13763,406079,8529,Active,Annual,Paid,A004
P0782,C0147,PN000782,Life,2024-01-01,2025-01-01,46209,565276,3672,Active,Annual,Paid,A083
P0783,C0438,PN000783,Life,2024-01-01,2025-01-01,18410,273890,4900,Active,Annual,Paid,A039
P0784,C0122,PN000784,Health,2024-01-01,2025-01-01,37075,705516,3464,Active,Annual,Paid,A051
P0785,C0666,PN000785,Life,2024-01-01,2025-01-01,21106,485204,3412,Active,Annual,Paid,A050
P0786,C0165,PN000786,Property,2024-01-01,2025-01-01,34629,490883,3077,Active,Annual,Paid,A071
P0787,C0556,PN000787,Life,2024-01-01,2025-01-01,22736,536904,8352,Active,Annual,Paid,A062
P0788,C0440,PN000788,Vehicle,2024-01-01,2025-01-01,44701,488966,1420,Active,Annual,Paid,A044
P0789,C0515,PN000789,Life,2024-01-01,2025-01-01,12290,439106,4892,Active,Annual,Paid,A077
P0790,C0387,PN000790,Health,2024-01-01,2025-01-01,19779,931406,5868,Active,Annual,Paid,A093
P0791,C0715,PN000791,Vehicle,2024-01-01,2025-01-01,27415,296040,7309,Active,Annual,Paid,A094
P0792,C0677,PN000792,Vehicle,2024-01-01,2025-01-01,12792,830833,8359,Active,Annual,Paid,A062
P0793,C0198,PN000793,Property,2024-01-01,2025-01-01,12706,171703,2425,Active,Annual,Paid,A097
P0794,C0620,PN000794,Property,2024-01-01,2025-01-01,42380,860182,6150,Active,Annual,Paid,A047
P0795,C0563,PN000795,Property,2024-01-01,2025-01-01,29386,291032,4546,Active,Annual,Paid,A058
P0796,C0386,PN000796,Health,2024-01-01,2025-01-01,40253,622084,6524,Active,Annual,Paid,A064
P0797,C0555,PN000797,Health,2024-01-01,2025-01-01,26114,820268,7787,Active,Annual,Paid,A097
P0798,C0092,PN000798,Life,2024-01-01,2025-01-01,46498,490827,3050,Active,Annual,Paid,A091
P0799,C0118,PN000799,Vehicle,2024-01-01,2025-01-01,31547,241259,5976,Active,Annual,Paid,A036
P0800,C0326,PN000800,Vehicle,2024-01-01,2025-01-01,43869,171677,4434,Active,Annual,Paid,A068
P0801,C0377,PN000801,Health,2024-01-01,2025-01-01,8134,740165,1949,Active,Annual,Paid,A061
P0802,C0684,PN000802,Vehicle,2024-01-01,2025-01-01,21441,624907,9166,Active,Annual,Paid,A049
P0803,C0536,PN000803,Vehicle,2024-01-01,2025-01-01,29756,787227,9853,Active,Annual,Paid,A093
P0804,C0142,PN000804,Property,2024-01-01,2025-01-01,13314,155921,2265,Active,Annual,Paid,A016
P0805,C0765,PN000805,Vehicle,2024-01-01,2025-01-01,19132,669360,3791,Active,Annual,Paid,A060
P0806,C0093,PN000806,Life,2024-01-01,2025-01-01,21538,964595,8211,Active,Annual,Paid,A024
P0807,C0476,PN000807,Property,2024-01-01,2025-01-01,45763,156244,9189,Active,Annual,Paid,A076
P0808,C0299,PN000808,Vehicle,2024-01-01,2025-01-01,46251,602934,5175,Active,Annual,Paid,A042
P0809,C0238,PN000809,Life,2024-01-01,2025-01-01,7774,783261,7452,Active,Annual,Paid,A058
P0810,C0316,PN000810,Property,2024-01-01,2025-01-01,42600,455870,9040,Active,Annual,Paid,A037
P0811,C0233,PN000811,Vehicle,2024-01-01,2025-01-01,21999,877695,6738,Active,Annual,Paid,A058
P0812,C0755,PN000812,Vehicle,2024-01-01,2025-01-01,20242,836796,4053,Active,Annual,Paid,A030
P0813,C0499,PN000813,Life,2024-01-01,2025-01-01,40626,238090,6915,Active,Annual,Paid,A017
P0814,C0530,PN000814,Vehicle,2024-01-01,2025-01-01,24419,973149,9381,Active,Annual,Paid,A075
P0815,C0649,PN000815,Property,2024-01-01,2025-01-01,6590,545757,6571,Active,Annual,Paid,A087
P0816,C0333,PN000816,Property,2024-01-01,2025-01-01,23667,822177,5606,Active,Annual,Paid,A097
P0817,C0294,PN000817,Life,2024-01-01,2025-01-01,49748,166753,1947,Active,Annual,Paid,A079
P0818,C0629,PN000818,Health,2024-01-01,2025-01-01,36629,178607,6537,Active,Annual,Paid,A088
P0819,C0724,PN000819,Vehicle,2024-01-01,2025-01-01,28396,253905,8397,Active,Annual,Paid,A064
P0820,C0785,PN000820,Vehicle,2024-01-01,2025-01-01,9141,785809,5314,Active,Annual,Paid,A068
P0821,C0137,PN000821,Health,2024-01-01,2025-01-01,13800,228759,3847,Active,Annual,Paid,A078
P0822,C0259,PN000822,Vehicle,2024-01-01,2025-01-01,43106,923765,1810,Active,Annual,Paid,A001
P0823,C0562,PN000823,Health,2024-01-01,2025-01-01,16101,933088,4453,Active,Annual,Paid,A070
P0824,C0755,PN000824,Vehicle,2024-01-01,2025-01-01,46928,380003,7182,Active,Annual,Paid,A072
P0825,C0150,PN000825,Vehicle,2024-01-01,2025-01-01,49100,555960,8496,Active,Annual,Paid,A043
P0826,C0744,PN000826,Health,2024-01-01,2025-01-01,36838,421427,4432,Active,Annual,Paid,A076
P0827,C0101,PN000827,Life,2024-01-01,2025-01-01,42036,656881,3026,Active,Annual,Paid,A022
P0828,C0789,PN000828,Health,2024-01-01,2025-01-01,31562,428970,6946,Active,Annual,Paid,A077
P0829,C0070,PN000829,Vehicle,2024-01-01,2025-01-01,16370,956888,2166,Active,Annual,Paid,A098
P0830,C0384,PN000830,Vehicle,2024-01-01,2025-01-01,22360,172547,9922,Active,Annual,Paid,A004
P0831,C0332,PN000831,Vehicle,2024-01-01,2025-01-01,16339,821326,8701,Active,Annual,Paid,A053
P0832,C0733,PN000832,Property,2024-01-01,2025-01-01,20810,295223,7486,Active,Annual,Paid,A016
P0833,C0385,PN000833,Health,2024-01-01,2025-01-01,13811,458032,9959,Active,Annual,Paid,A027
P0834,C0530,PN000834,Vehicle,2024-01-01,2025-01-01,46185,199078,5925,Active,Annual,Paid,A001
P0835,C0134,PN000835,Vehicle,2024-01-01,2025-01-01,47931,877024,9240,Active,Annual,Paid,A076
P0836,C0555,PN000836,Property,2024-01-01,2025-01-01,7615,718682,9685,Active,Annual,Paid,A049
P0837,C0788,PN000837,Property,2024-01-01,2025-01-01,31081,498199,9304,Active,Annual,Paid,A076
P0838,C0474,PN000838,Vehicle,2024-01-01,2025-01-01,22343,440369,5408,Active,Annual,Paid,A020
P0839,C0675,PN000839,Health,2024-01-01,2025-01-01,25712,861371,7623,Active,Annual,Paid,A090
P0840,C0528,PN000840,Health,2024-01-01,2025-01-01,38312,695831,9085,Active,Annual,Paid,A083
P0841,C0758,PN000841,Health,2024-01-01,2025-01-01,20396,873257,4375,Active,Annual,Paid,A096
P0842,C0148,PN000842,Vehicle,2024-01-01,2025-01-01,5198,551957,5477,Active,Annual,Paid,A004
P0843,C0285,PN000843,Health,2024-01-01,2025-01-01,11660,810171,1865,Active,Annual,Paid,A099
P0844,C0630,PN000844,Property,2024-01-01,2025-01-01,17044,666649,5157,Active,Annual,Paid,A074
P0845,C0702,PN000845,Property,2024-01-01,2025-01-01,37504,280947,5782,Active,Annual,Paid,A004
P0846,C0274,PN000846,Vehicle,2024-01-01,2025-01-01,37610,473465,4997,Active,Annual,Paid,A089
P0847,C0264,PN000847,Vehicle,2024-01-01,2025-01-01,27463,326261,8494,Active,Annual,Paid,A092
P0848,C0049,PN000848,Life,2024-01-01,2025-01-01,37566,811296,4230,Active,Annual,Paid,A035
P0849,C0216,PN000849,Vehicle,2024-01-01,2025-01-01,26239,981763,8882,Active,Annual,Paid,A055
P0850,C0023,PN000850,Property,2024-01-01,2025-01-01,21948,311278,6589,Active,Annual,Paid,A058
P0851,C0182,PN000851,Life,2024-01-01,2025-01-01,16942,841572,7921,Active,Annual,Paid,A057
P0852,C0222,PN000852,Health,2024-01-01,2025-01-01,10260,775729,4229,Active,Annual,Paid,A025
P0853,C0172,PN000853,Property,2024-01-01,2025-01-01,19666,817972,4375,Active,Annual,Paid,A047
P0854,C0001,PN000854,Life,2024-01-01,2025-01-01,38444,698566,1618,Active,Annual,Paid,A057
P0855,C0299,PN000855,Vehicle,2024-01-01,2025-01-01,12599,337012,9392,Active,Annual,Paid,A065
P0856,C0090,PN000856,Vehicle,2024-01-01,2025-01-01,32277,559220,2625,Active,Annual,Paid,A081
P0857,C0584,PN000857,Health,2024-01-01,2025-01-01,39222,765082,6049,Active,Annual,Paid,A043
P0858,C0063,PN000858,Life,2024-01-01,2025-01-01,38137,860352,5115,Active,Annual,Paid,A054
P0859,C0579,PN000859,Property,2024-01-01,2025-01-01,49074,289214,7080,Active,Annual,Paid,A020
P0860,C0332,PN000860,Vehicle,2024-01-01,2025-01-01,40095,852736,8864,Active,Annual,Paid,A018
P0861,C0659,PN000861,Property,2024-01-01,2025-01-01,31441,869406,3925,Active,Annual,Paid,A061
P0862,C0281,PN000862,Property,2024-01-01,2025-01-01,27149,749091,3324,Active,Annual,Paid,A059
P0863,C0380,PN000863,Vehicle,2024-01-01,2025-01-01,6468,214552,9372,Active,Annual,Paid,A010
P0864,C0240,PN000864,Life,2024-01-01,2025-01-01,18194,965257,1230,Active,Annual,Paid,A035
P0865,C0587,PN000865,Property,2024-01-01,2025-01-01,8438,559133,2116,Active,Annual,Paid,A002
P0866,C0461,PN000866,Life,2024-01-01,2025-01-01,40249,723435,2777,Active,Annual,Paid,A019
P0867,C0798,PN000867,Vehicle,2024-01-01,2025-01-01,16172,178710,9592,Active,Annual,Paid,A086
P0868,C0664,PN000868,Health,2024-01-01,2025-01-01,14968,647088,1101,Active,Annual,Paid,A015
P0869,C0786,PN000869,Health,2024-01-01,2025-01-01,27667,740971,3310,Active,Annual,Paid,A064
P0870,C0695,PN000870,Health,2024-01-01,2025-01-01,26488,620754,4052,Active,Annual,Paid,A003
P0871,C0616,PN000871,Property,2024-01-01,2025-01-01,48426,227160,5241,Active,Annual,Paid,A021
P0872,C0793,PN000872,Life,2024-01-01,2025-01-01,47662,960253,6761,Active,Annual,Paid,A021
P0873,C0233,PN000873,Health,2024-01-01,2025-01-01,5029,601748,3696,Active,Annual,Paid,A065
P0874,C0268,PN000874,Health,2024-01-01,2025-01-01,43429,666329,5512,Active,Annual,Paid,A008
P0875,C0323,PN000875,Life,2024-01-01,2025-01-01,28669,389781,3654,Active,Annual,Paid,A037
P0876,C0298,PN000876,Property,2024-01-01,2025-01-01,30974,838241,4214,Active,Annual,Paid,A077
P0877,C0648,PN000877,Health,2024-01-01,2025-01-01,45964,561390,1369,Active,Annual,Paid,A045
P0878,C0478,PN000878,Life,2024-01-01,2025-01-01,9994,675742,7613,Active,Annual,Paid,A085
P0879,C0281,PN000879,Life,2024-01-01,2025-01-01,18510,587278,8339,Active,Annual,Paid,A082
P0880,C0238,PN000880,Property,2024-01-01,2025-01-01,5453,547869,5843,Active,Annual,Paid,A086
P0881,C0799,PN000881,Life,2024-01-01,2025-01-01,8962,138561,4471,Active,Annual,Paid,A084
P0882,C0439,PN000882,Vehicle,2024-01-01,2025-01-01,49609,566370,6742,Active,Annual,Paid,A035
P0883,C0337,PN000883,Life,2024-01-01,2025-01-01,39094,804594,1018,Active,Annual,Paid,A053
P0884,C0275,PN000884,Life,2024-01-01,2025-01-01,5445,789998,2164,Active,Annual,Paid,A024
P0885,C0148,PN000885,Vehicle,2024-01-01,2025-01-01,35936,712325,2703,Active,Annual,Paid,A084
P0886,C0310,PN000886,Property,2024-01-01,2025-01-01,45780,440416,2954,Active,Annual,Paid,A036
P0887,C0094,PN000887,Health,2024-01-01,2025-01-01,15010,479760,2168,Active,Annual,Paid,A076
P0888,C0104,PN000888,Life,2024-01-01,2025-01-01,47149,741960,1586,Active,Annual,Paid,A032
P0889,C0219,PN000889,Life,2024-01-01,2025-01-01,14156,165582,3053,Active,Annual,Paid,A029
P0890,C0519,PN000890,Vehicle,2024-01-01,2025-01-01,14154,306991,8809,Active,Annual,Paid,A015
P0891,C0266,PN000891,Life,2024-01-01,2025-01-01,46646,967783,9658,Active,Annual,Paid,A051
P0892,C0099,PN000892,Health,2024-01-01,2025-01-01,18477,853403,4163,Active,Annual,Paid,A044
P0893,C0271,PN000893,Vehicle,2024-01-01,2025-01-01,10954,944409,8813,Active,Annual,Paid,A067
P0894,C0125,PN000894,Vehicle,2024-01-01,2025-01-01,49125,523819,5780,Active,Annual,Paid,A003
P0895,C0273,PN000895,Health,2024-01-01,2025-01-01,12172,345259,5829,Active,Annual,Paid,A085
P0896,C0028,PN000896,Life,2024-01-01,2025-01-01,6721,602608,3588,Active,Annual,Paid,A092
P0897,C0197,PN000897,Vehicle,2024-01-01,2025-01-01,32641,249831,8480,Active,Annual,Paid,A086
P0898,C0456,PN000898,Life,2024-01-01,2025-01-01,12555,951964,1722,Active,Annual,Paid,A017
P0899,C0653,PN000899,Vehicle,2024-01-01,2025-01-01,42181,480893,7293,Active,Annual,Paid,A007
P0900,C0084,PN000900,Life,2024-01-01,2025-01-01,47200,481666,2407,Active,Annual,Paid,A043
P0901,C0050,PN000901,Vehicle,2024-01-01,2025-01-01,40092,610298,5385,Active,Annual,Paid,A035
P0902,C0268,PN000902,Health,2024-01-01,2025-01-01,14954,459689,3189,Active,Annual,Paid,A069
P0903,C0236,PN000903,Property,2024-01-01,2025-01-01,43516,741691,9822,Active,Annual,Paid,A057
P0904,C0096,PN000904,Life,2024-01-01,2025-01-01,35957,688601,7144,Active,Annual,Paid,A032
P0905,C0701,PN000905,Vehicle,2024-01-01,2025-01-01,6406,360371,7685,Active,Annual,Paid,A090
P0906,C0426,PN000906,Health,2024-01-01,2025-01-01,11716,123659,1037,Active,Annual,Paid,A044
P0907,C0262,PN000907,Health,2024-01-01,2025-01-01,28616,304996,7710,Active,Annual,Paid,A050
P0908,C0070,PN000908,Property,2024-01-01,2025-01-01,45379,976697,3231,Active,Annual,Paid,A065
P0909,C0735,PN000909,Health,2024-01-01,2025-01-01,11162,756056,9911,Active,Annual,Paid,A025
P0910,C0618,PN000910,Life,2024-01-01,2025-01-01,28818,198645,8868,Active,Annual,Paid,A069
P0911,C0299,PN000911,Life,2024-01-01,2025-01-01,6156,566433,1363,Active,Annual,Paid,A096
P0912,C0190,PN000912,Health,2024-01-01,2025-01-01,41999,842720,2009,Active,Annual,Paid,A001
P0913,C0557,PN000913,Life,2024-01-01,2025-01-01,21275,276864,1829,Active,Annual,Paid,A076
P0914,C0432,PN000914,Health,2024-01-01,2025-01-01,38442,425598,6316,Active,Annual,Paid,A070
P0915,C0613,PN000915,Vehicle,2024-01-01,2025-01-01,6328,849326,7386,Active,Annual,Paid,A071
P0916,C0562,PN000916,Health,2024-01-01,2025-01-01,48805,940357,9463,Active,Annual,Paid,A051
P0917,C0050,PN000917,Property,2024-01-01,2025-01-01,29165,715655,1342,Active,Annual,Paid,A088
P0918,C0202,PN000918,Property,2024-01-01,2025-01-01,5577,899840,3094,Active,Annual,Paid,A047
P0919,C0675,PN000919,Property,2024-01-01,2025-01-01,30567,201407,6265,Active,Annual,Paid,A049
P0920,C0021,PN000920,Vehicle,2024-01-01,2025-01-01,11614,420643,1512,Active,Annual,Paid,A080
P0921,C0449,PN000921,Health,2024-01-01,2025-01-01,41484,968409,9975,Active,Annual,Paid,A020
P0922,C0682,PN000922,Health,2024-01-01,2025-01-01,15455,497355,9779,Active,Annual,Paid,A060
P0923,C0481,PN000923,Life,2024-01-01,2025-01-01,20605,459104,3791,Active,Annual,Paid,A090
P0924,C0404,PN000924,Vehicle,2024-01-01,2025-01-01,20439,970006,6573,Active,Annual,Paid,A039
P0925,C0069,PN000925,Property,2024-01-01,2025-01-01,24314,219107,7243,Active,Annual,Paid,A097
P0926,C0448,PN000926,Vehicle,2024-01-01,2025-01-01,19661,590837,4641,Active,Annual,Paid,A030
P0927,C0342,PN000927,Property,2024-01-01,2025-01-01,44432,581400,8968,Active,Annual,Paid,A095
P0928,C0202,PN000928,Health,2024-01-01,2025-01-01,13400,686571,9760,Active,Annual,Paid,A098
P0929,C0380,PN000929,Vehicle,2024-01-01,2025-01-01,18451,704165,1869,Active,Annual,Paid,A002
P0930,C0105,PN000930,Vehicle,2024-01-01,2025-01-01,7130,972942,8177,Active,Annual,Paid,A087
P0931,C0787,PN000931,Life,2024-01-01,2025-01-01,18212,130022,4406,Active,Annual,Paid,A043
P0932,C0589,PN000932,Life,2024-01-01,2025-01-01,47338,621366,6636,Active,Annual,Paid,A048
P0933,C0108,PN000933,Health,2024-01-01,2025-01-01,11300,527703,7870,Active,Annual,Paid,A068
P0934,C0748,PN000934,Vehicle,2024-01-01,2025-01-01,29843,195353,9869,Active,Annual,Paid,A004
P0935,C0573,PN000935,Property,2024-01-01,2025-01-01,12618,761142,4373,Active,Annual,Paid,A060
P0936,C0728,PN000936,Life,2024-01-01,2025-01-01,11159,800672,3852,Active,Annual,Paid,A009
P0937,C0049,PN000937,Vehicle,2024-01-01,2025-01-01,42187,209700,4145,Active,Annual,Paid,A018
P0938,C0293,PN000938,Vehicle,2024-01-01,2025-01-01,23794,690271,8037,Active,Annual,Paid,A091
P0939,C0699,PN000939,Life,2024-01-01,2025-01-01,16299,518788,6133,Active,Annual,Paid,A077
P0940,C0003,PN000940,Property,2024-01-01,2025-01-01,12747,954173,1514,Active,Annual,Paid,A048
P0941,C0750,PN000941,Vehicle,2024-01-01,2025-01-01,16430,983641,5604,Active,Annual,Paid,A032
P0942,C0305,PN000942,Vehicle,2024-01-01,2025-01-01,38641,487516,3412,Active,Annual,Paid,A068
P0943,C0466,PN000943,Life,2024-01-01,2025-01-01,35910,755922,4745,Active,Annual,Paid,A059
P0944,C0648,PN000944,Life,2024-01-01,2025-01-01,16667,428540,9065,Active,Annual,Paid,A092
P0945,C0022,PN000945,Property,2024-01-01,2025-01-01,31428,862201,3488,Active,Annual,Paid,A089
P0946,C0446,PN000946,Life,2024-01-01,2025-01-01,15891,100928,9413,Active,Annual,Paid,A070
P0947,C0744,PN000947,Property,2024-01-01,2025-01-01,10266,779407,4372,Active,Annual,Paid,A076
P0948,C0006,PN000948,Health,2024-01-01,2025-01-01,13201,214046,5048,Active,Annual,Paid,A008
P0949,C0192,PN000949,Property,2024-01-01,2025-01-01,45126,366887,1865,Active,Annual,Paid,A069
P0950,C0692,PN000950,Life,2024-01-01,2025-01-01,8804,292766,7036,Active,Annual,Paid,A093
P0951,C0328,PN000951,Vehicle,2024-01-01,2025-01-01,42895,602770,6528,Active,Annual,Paid,A065
P0952,C0158,PN000952,Health,2024-01-01,2025-01-01,38481,178361,7002,Active,Annual,Paid,A083
P0953,C0601,PN000953,Property,2024-01-01,2025-01-01,24312,573378,4555,Active,Annual,Paid,A038
P0954,C0800,PN000954,Vehicle,2024-01-01,2025-01-01,18547,606754,5507,Active,Annual,Paid,A009
P0955,C0291,PN000955,Health,2024-01-01,2025-01-01,38729,221093,4019,Active,Annual,Paid,A075
P0956,C0375,PN000956,Vehicle,2024-01-01,2025-01-01,19287,115688,5319,Active,Annual,Paid,A039
P0957,C0587,PN000957,Property,2024-01-01,2025-01-01,27590,569233,7307,Active,Annual,Paid,A051
P0958,C0129,PN000958,Property,2024-01-01,2025-01-01,18161,571947,1945,Active,Annual,Paid,A090
P0959,C0742,PN000959,Life,2024-01-01,2025-01-01,21990,141380,4222,Active,Annual,Paid,A037
P0960,C0389,PN000960,Vehicle,2024-01-01,2025-01-01,40317,842880,4784,Active,Annual,Paid,A060
P0961,C0260,PN000961,Life,2024-01-01,2025-01-01,7833,948797,1170,Active,Annual,Paid,A017
P0962,C0503,PN000962,Vehicle,2024-01-01,2025-01-01,14277,135354,9319,Active,Annual,Paid,A016
P0963,C0287,PN000963,Life,2024-01-01,2025-01-01,5418,646262,1152,Active,Annual,Paid,A095
P0964,C0638,PN000964,Vehicle,2024-01-01,2025-01-01,49900,969682,7606,Active,Annual,Paid,A080
P0965,C0594,PN000965,Life,2024-01-01,2025-01-01,33030,632754,3092,Active,Annual,Paid,A015
P0966,C0218,PN000966,Health,2024-01-01,2025-01-01,44759,568673,8180,Active,Annual,Paid,A011
P0967,C0792,PN000967,Health,2024-01-01,2025-01-01,38534,952573,4569,Active,Annual,Paid,A010
P0968,C0111,PN000968,Health,2024-01-01,2025-01-01,16384,611720,8926,Active,Annual,Paid,A005
P0969,C0271,PN000969,Property,2024-01-01,2025-01-01,44219,421153,7997,Active,Annual,Paid,A087
P0970,C0716,PN000970,Life,2024-01-01,2025-01-01,6042,690723,7620,Active,Annual,Paid,A078
P0971,C0374,PN000971,Life,2024-01-01,2025-01-01,19846,940103,9308,Active,Annual,Paid,A063
P0972,C0789,PN000972,Life,2024-01-01,2025-01-01,16497,827741,1284,Active,Annual,Paid,A041
P0973,C0094,PN000973,Life,2024-01-01,2025-01-01,22668,588166,7376,Active,Annual,Paid,A049
P0974,C0238,PN000974,Vehicle,2024-01-01,2025-01-01,33500,266179,2548,Active,Annual,Paid,A041
P0975,C0176,PN000975,Health,2024-01-01,2025-01-01,33776,285342,3103,Active,Annual,Paid,A073
P0976,C0021,PN000976,Life,2024-01-01,2025-01-01,17658,108658,5869,Active,Annual,Paid,A085
P0977,C0065,PN000977,Health,2024-01-01,2025-01-01,16827,745260,6120,Active,Annual,Paid,A028
P0978,C0264,PN000978,Health,2024-01-01,2025-01-01,26594,804319,8853,Active,Annual,Paid,A080
P0979,C0346,PN000979,Health,2024-01-01,2025-01-01,42888,935784,6922,Active,Annual,Paid,A047
P0980,C0282,PN000980,Vehicle,2024-01-01,2025-01-01,26005,145576,4901,Active,Annual,Paid,A065
P0981,C0071,PN000981,Health,2024-01-01,2025-01-01,37250,611107,6798,Active,Annual,Paid,A039
P0982,C0202,PN000982,Property,2024-01-01,2025-01-01,18205,334336,3828,Active,Annual,Paid,A073
P0983,C0245,PN000983,Vehicle,2024-01-01,2025-01-01,7826,956374,4188,Active,Annual,Paid,A059
P0984,C0664,PN000984,Life,2024-01-01,2025-01-01,20974,306752,9196,Active,Annual,Paid,A077
P0985,C0147,PN000985,Health,2024-01-01,2025-01-01,22678,183876,1269,Active,Annual,Paid,A025
P0986,C0723,PN000986,Life,2024-01-01,2025-01-01,39602,969675,1017,Active,Annual,Paid,A071
P0987,C0732,PN000987,Health,2024-01-01,2025-01-01,9848,392729,3925,Active,Annual,Paid,A099
P0988,C0550,PN000988,Property,2024-01-01,2025-01-01,17599,968796,5765,Active,Annual,Paid,A013
P0989,C0401,PN000989,Life,2024-01-01,2025-01-01,44639,146727,7687,Active,Annual,Paid,A066
P0990,C0428,PN000990,Property,2024-01-01,2025-01-01,44818,634892,5560,Active,Annual,Paid,A023
P0991,C0717,PN000991,Vehicle,2024-01-01,2025-01-01,6978,364276,2093,Active,Annual,Paid,A089
P0992,C0780,PN000992,Vehicle,2024-01-01,2025-01-01,33582,517953,5291,Active,Annual,Paid,A060
P0993,C0101,PN000993,Vehicle,2024-01-01,2025-01-01,26542,191516,1374,Active,Annual,Paid,A025
P0994,C0192,PN000994,Health,2024-01-01,2025-01-01,20182,224677,5662,Active,Annual,Paid,A073
P0995,C0378,PN000995,Health,2024-01-01,2025-01-01,25524,126527,4104,Active,Annual,Paid,A015
P0996,C0202,PN000996,Life,2024-01-01,2025-01-01,38557,115362,7289,Active,Annual,Paid,A093
P0997,C0290,PN000997,Property,2024-01-01,2025-01-01,14569,837479,1638,Active,Annual,Paid,A035
P0998,C0617,PN000998,Property,2024-01-01,2025-01-01,35817,107607,9954,Active,Annual,Paid,A052
P0999,C0202,PN000999,Life,2024-01-01,2025-01-01,34801,252552,3969,Active,Annual,Paid,A015
P1000,C0488,PN001000,Health,2024-01-01,2025-01-01,43017,231203,6427,Active,Annual,Paid,A029
